{
  "status": "PASS",
  "typescript": "5.9.3",
  "method": "Parser getChildren terminal SyntaxKind and exact getText; includes EOF; no typecheck",
  "files": [
    {
      "path": "src/components/shots/ShotRow.tsx",
      "typescript": "5.9.3",
      "scriptKind": "TSX",
      "beforeParseDiagnostics": 0,
      "afterParseDiagnostics": 0,
      "beforeTokenCount": 2875,
      "afterTokenCount": 2875,
      "beforeTokenSha256": "4b55b50a2f5b919e061848029180ad920acdd064cdc0b4c5d8a4041f8d331b44",
      "afterTokenSha256": "4b55b50a2f5b919e061848029180ad920acdd064cdc0b4c5d8a4041f8d331b44",
      "exactTerminalKindAndTextEqual": true,
      "terminalSequence": [
        [
          102,
          "import"
        ],
        [
          19,
          "{"
        ],
        [
          80,
          "ShotTextField"
        ],
        [
          20,
          "}"
        ],
        [
          161,
          "from"
        ],
        [
          11,
          "\"./ShotTextField\""
        ],
        [
          27,
          ";"
        ],
        [
          102,
          "import"
        ],
        [
          156,
          "type"
        ],
        [
          19,
          "{"
        ],
        [
          80,
          "TextDraftStatusChange"
        ],
        [
          20,
          "}"
        ],
        [
          161,
          "from"
        ],
        [
          11,
          "\"@/lib/useTextDraftRetention\""
        ],
        [
          27,
          ";"
        ],
        [
          102,
          "import"
        ],
        [
          19,
          "{"
        ],
        [
          80,
          "toast"
        ],
        [
          20,
          "}"
        ],
        [
          161,
          "from"
        ],
        [
          11,
          "\"sonner\""
        ],
        [
          27,
          ";"
        ],
        [
          102,
          "import"
        ],
        [
          19,
          "{"
        ],
        [
          80,
          "useCallback"
        ],
        [
          28,
          ","
        ],
        [
          156,
          "type"
        ],
        [
          80,
          "CSSProperties"
        ],
        [
          20,
          "}"
        ],
        [
          161,
          "from"
        ],
        [
          11,
          "\"react\""
        ],
        [
          27,
          ";"
        ],
        [
          102,
          "import"
        ],
        [
          19,
          "{"
        ],
        [
          80,
          "useSortable"
        ],
        [
          20,
          "}"
        ],
        [
          161,
          "from"
        ],
        [
          11,
          "\"@dnd-kit/sortable\""
        ],
        [
          27,
          ";"
        ],
        [
          102,
          "import"
        ],
        [
          19,
          "{"
        ],
        [
          80,
          "CSS"
        ],
        [
          20,
          "}"
        ],
        [
          161,
          "from"
        ],
        [
          11,
          "\"@dnd-kit/utilities\""
        ],
        [
          27,
          ";"
        ],
        [
          102,
          "import"
        ],
        [
          19,
          "{"
        ],
        [
          80,
          "ArrowDown"
        ],
        [
          28,
          ","
        ],
        [
          80,
          "ArrowUp"
        ],
        [
          28,
          ","
        ],
        [
          80,
          "ChevronDown"
        ],
        [
          28,
          ","
        ],
        [
          80,
          "CopyPlus"
        ],
        [
          28,
          ","
        ],
        [
          80,
          "GripVertical"
        ],
        [
          28,
          ","
        ],
        [
          80,
          "Plus"
        ],
        [
          20,
          "}"
        ],
        [
          161,
          "from"
        ],
        [
          11,
          "\"lucide-react\""
        ],
        [
          27,
          ";"
        ],
        [
          102,
          "import"
        ],
        [
          19,
          "{"
        ],
        [
          80,
          "addShot"
        ],
        [
          28,
          ","
        ],
        [
          80,
          "patchShot"
        ],
        [
          28,
          ","
        ],
        [
          80,
          "setShotCharacterSelected"
        ],
        [
          28,
          ","
        ],
        [
          80,
          "setShotSlot"
        ],
        [
          20,
          "}"
        ],
        [
          161,
          "from"
        ],
        [
          11,
          "\"@/db/shots\""
        ],
        [
          27,
          ";"
        ],
        [
          102,
          "import"
        ],
        [
          19,
          "{"
        ],
        [
          80,
          "SHOT_COLUMNS"
        ],
        [
          28,
          ","
        ],
        [
          156,
          "type"
        ],
        [
          80,
          "ColumnDef"
        ],
        [
          20,
          "}"
        ],
        [
          161,
          "from"
        ],
        [
          11,
          "\"@/domain/columns\""
        ],
        [
          27,
          ";"
        ],
        [
          102,
          "import"
        ],
        [
          19,
          "{"
        ],
        [
          80,
          "emptySlot"
        ],
        [
          20,
          "}"
        ],
        [
          161,
          "from"
        ],
        [
          11,
          "\"@/domain/slot\""
        ],
        [
          27,
          ";"
        ],
        [
          102,
          "import"
        ],
        [
          19,
          "{"
        ],
        [
          80,
          "normalizeShotStatus"
        ],
        [
          28,
          ","
        ],
        [
          80,
          "SHOT_STATUS_LABELS"
        ],
        [
          28,
          ","
        ],
        [
          80,
          "SHOT_STATUSES"
        ],
        [
          28,
          ","
        ],
        [
          156,
          "type"
        ],
        [
          80,
          "Character"
        ],
        [
          28,
          ","
        ],
        [
          156,
          "type"
        ],
        [
          80,
          "Scene"
        ],
        [
          28,
          ","
        ],
        [
          156,
          "type"
        ],
        [
          80,
          "Shot"
        ],
        [
          28,
          ","
        ],
        [
          156,
          "type"
        ],
        [
          80,
          "ShotColumnId"
        ],
        [
          28,
          ","
        ],
        [
          156,
          "type"
        ],
        [
          80,
          "ShotWorkspaceView"
        ],
        [
          28,
          ","
        ],
        [
          156,
          "type"
        ],
        [
          80,
          "GenerationSlot"
        ],
        [
          28,
          ","
        ],
        [
          156,
          "type"
        ],
        [
          80,
          "Id"
        ],
        [
          20,
          "}"
        ],
        [
          161,
          "from"
        ],
        [
          11,
          "\"@/domain/types\""
        ],
        [
          27,
          ";"
        ],
        [
          102,
          "import"
        ],
        [
          19,
          "{"
        ],
        [
          80,
          "cn"
        ],
        [
          20,
          "}"
        ],
        [
          161,
          "from"
        ],
        [
          11,
          "\"@/lib/utils\""
        ],
        [
          27,
          ";"
        ],
        [
          102,
          "import"
        ],
        [
          19,
          "{"
        ],
        [
          80,
          "EditableGenerationSlot"
        ],
        [
          20,
          "}"
        ],
        [
          161,
          "from"
        ],
        [
          11,
          "\"@/components/slots/GenerationSlotCard\""
        ],
        [
          27,
          ";"
        ],
        [
          102,
          "import"
        ],
        [
          19,
          "{"
        ],
        [
          80,
          "Still"
        ],
        [
          20,
          "}"
        ],
        [
          161,
          "from"
        ],
        [
          11,
          "\"@/components/studio/Still\""
        ],
        [
          27,
          ";"
        ],
        [
          102,
          "import"
        ],
        [
          19,
          "{"
        ],
        [
          80,
          "Button"
        ],
        [
          20,
          "}"
        ],
        [
          161,
          "from"
        ],
        [
          11,
          "\"@/components/ui/button\""
        ],
        [
          27,
          ";"
        ],
        [
          102,
          "import"
        ],
        [
          19,
          "{"
        ],
        [
          80,
          "Checkbox"
        ],
        [
          20,
          "}"
        ],
        [
          161,
          "from"
        ],
        [
          11,
          "\"@/components/ui/checkbox\""
        ],
        [
          27,
          ";"
        ],
        [
          102,
          "import"
        ],
        [
          19,
          "{"
        ],
        [
          80,
          "DropdownMenu"
        ],
        [
          28,
          ","
        ],
        [
          80,
          "DropdownMenuCheckboxItem"
        ],
        [
          28,
          ","
        ],
        [
          80,
          "DropdownMenuContent"
        ],
        [
          28,
          ","
        ],
        [
          80,
          "DropdownMenuItem"
        ],
        [
          28,
          ","
        ],
        [
          80,
          "DropdownMenuSeparator"
        ],
        [
          28,
          ","
        ],
        [
          80,
          "DropdownMenuTrigger"
        ],
        [
          20,
          "}"
        ],
        [
          161,
          "from"
        ],
        [
          11,
          "\"@/components/ui/dropdown-menu\""
        ],
        [
          27,
          ";"
        ],
        [
          102,
          "import"
        ],
        [
          19,
          "{"
        ],
        [
          80,
          "Select"
        ],
        [
          28,
          ","
        ],
        [
          80,
          "SelectContent"
        ],
        [
          28,
          ","
        ],
        [
          80,
          "SelectItem"
        ],
        [
          28,
          ","
        ],
        [
          80,
          "SelectTrigger"
        ],
        [
          28,
          ","
        ],
        [
          80,
          "SelectValue"
        ],
        [
          20,
          "}"
        ],
        [
          161,
          "from"
        ],
        [
          11,
          "\"@/components/ui/select\""
        ],
        [
          27,
          ";"
        ],
        [
          102,
          "import"
        ],
        [
          19,
          "{"
        ],
        [
          80,
          "DurationInput"
        ],
        [
          20,
          "}"
        ],
        [
          161,
          "from"
        ],
        [
          11,
          "\"./DurationInput\""
        ],
        [
          27,
          ";"
        ],
        [
          102,
          "import"
        ],
        [
          19,
          "{"
        ],
        [
          80,
          "useShotRowViewport"
        ],
        [
          20,
          "}"
        ],
        [
          161,
          "from"
        ],
        [
          11,
          "\"./ShotRowViewport\""
        ],
        [
          27,
          ";"
        ],
        [
          102,
          "import"
        ],
        [
          19,
          "{"
        ],
        [
          80,
          "gridColumns"
        ],
        [
          28,
          ","
        ],
        [
          80,
          "TEXT_SHOT_FIELDS"
        ],
        [
          20,
          "}"
        ],
        [
          161,
          "from"
        ],
        [
          11,
          "\"./shotColumnFields\""
        ],
        [
          27,
          ";"
        ],
        [
          100,
          "function"
        ],
        [
          80,
          "columnPlaceholder"
        ],
        [
          21,
          "("
        ],
        [
          80,
          "id"
        ],
        [
          59,
          ":"
        ],
        [
          80,
          "ShotColumnId"
        ],
        [
          22,
          ")"
        ],
        [
          59,
          ":"
        ],
        [
          154,
          "string"
        ],
        [
          19,
          "{"
        ],
        [
          109,
          "switch"
        ],
        [
          21,
          "("
        ],
        [
          80,
          "id"
        ],
        [
          22,
          ")"
        ],
        [
          19,
          "{"
        ],
        [
          84,
          "case"
        ],
        [
          11,
          "\"content\""
        ],
        [
          59,
          ":"
        ],
        [
          107,
          "return"
        ],
        [
          11,
          "\"镜头内容\""
        ],
        [
          27,
          ";"
        ],
        [
          84,
          "case"
        ],
        [
          11,
          "\"durationSec\""
        ],
        [
          59,
          ":"
        ],
        [
          107,
          "return"
        ],
        [
          11,
          "\"秒\""
        ],
        [
          27,
          ";"
        ],
        [
          84,
          "case"
        ],
        [
          11,
          "\"notes\""
        ],
        [
          59,
          ":"
        ],
        [
          107,
          "return"
        ],
        [
          11,
          "\"备注\""
        ],
        [
          27,
          ";"
        ],
        [
          84,
          "case"
        ],
        [
          11,
          "\"scene\""
        ],
        [
          59,
          ":"
        ],
        [
          107,
          "return"
        ],
        [
          11,
          "\"未选择场景\""
        ],
        [
          27,
          ";"
        ],
        [
          84,
          "case"
        ],
        [
          11,
          "\"characters\""
        ],
        [
          59,
          ":"
        ],
        [
          107,
          "return"
        ],
        [
          11,
          "\"未选择角色\""
        ],
        [
          27,
          ";"
        ],
        [
          90,
          "default"
        ],
        [
          59,
          ":"
        ],
        [
          107,
          "return"
        ],
        [
          80,
          "SHOT_COLUMNS"
        ],
        [
          25,
          "."
        ],
        [
          80,
          "find"
        ],
        [
          21,
          "("
        ],
        [
          21,
          "("
        ],
        [
          80,
          "column"
        ],
        [
          22,
          ")"
        ],
        [
          39,
          "=>"
        ],
        [
          80,
          "column"
        ],
        [
          25,
          "."
        ],
        [
          80,
          "id"
        ],
        [
          37,
          "==="
        ],
        [
          80,
          "id"
        ],
        [
          22,
          ")"
        ],
        [
          29,
          "?."
        ],
        [
          80,
          "label"
        ],
        [
          61,
          "??"
        ],
        [
          11,
          "\"\""
        ],
        [
          27,
          ";"
        ],
        [
          20,
          "}"
        ],
        [
          20,
          "}"
        ],
        [
          87,
          "const"
        ],
        [
          80,
          "DESIGN_ROW_H"
        ],
        [
          64,
          "="
        ],
        [
          11,
          "\"h-full min-h-[124px] max-h-[160px]\""
        ],
        [
          27,
          ";"
        ],
        [
          87,
          "const"
        ],
        [
          80,
          "DESIGN_CELL_CHROME"
        ],
        [
          64,
          "="
        ],
        [
          16,
          "`${"
        ],
        [
          80,
          "DESIGN_ROW_H"
        ],
        [
          18,
          "} flex items-center justify-center overflow-hidden px-2 py-3`"
        ],
        [
          27,
          ";"
        ],
        [
          87,
          "const"
        ],
        [
          80,
          "SHOT_LEFT_CONTROLS"
        ],
        [
          64,
          "="
        ],
        [
          11,
          "\"box-border flex h-full max-h-[160px] min-h-[124px] flex-col items-center justify-center gap-1.5 overflow-hidden px-1 py-4\""
        ],
        [
          27,
          ";"
        ],
        [
          100,
          "function"
        ],
        [
          80,
          "coverMediaId"
        ],
        [
          21,
          "("
        ],
        [
          80,
          "slots"
        ],
        [
          59,
          ":"
        ],
        [
          80,
          "Partial"
        ],
        [
          30,
          "<"
        ],
        [
          80,
          "Record"
        ],
        [
          30,
          "<"
        ],
        [
          154,
          "string"
        ],
        [
          28,
          ","
        ],
        [
          80,
          "GenerationSlot"
        ],
        [
          32,
          ">"
        ],
        [
          32,
          ">"
        ],
        [
          52,
          "|"
        ],
        [
          157,
          "undefined"
        ],
        [
          28,
          ","
        ],
        [
          80,
          "preferredKeys"
        ],
        [
          59,
          ":"
        ],
        [
          154,
          "string"
        ],
        [
          23,
          "["
        ],
        [
          24,
          "]"
        ],
        [
          28,
          ","
        ],
        [
          22,
          ")"
        ],
        [
          59,
          ":"
        ],
        [
          80,
          "Id"
        ],
        [
          52,
          "|"
        ],
        [
          157,
          "undefined"
        ],
        [
          19,
          "{"
        ],
        [
          101,
          "if"
        ],
        [
          21,
          "("
        ],
        [
          54,
          "!"
        ],
        [
          80,
          "slots"
        ],
        [
          22,
          ")"
        ],
        [
          107,
          "return"
        ],
        [
          80,
          "undefined"
        ],
        [
          27,
          ";"
        ],
        [
          99,
          "for"
        ],
        [
          21,
          "("
        ],
        [
          87,
          "const"
        ],
        [
          80,
          "key"
        ],
        [
          165,
          "of"
        ],
        [
          80,
          "preferredKeys"
        ],
        [
          22,
          ")"
        ],
        [
          19,
          "{"
        ],
        [
          87,
          "const"
        ],
        [
          80,
          "mediaId"
        ],
        [
          64,
          "="
        ],
        [
          80,
          "slots"
        ],
        [
          23,
          "["
        ],
        [
          80,
          "key"
        ],
        [
          24,
          "]"
        ],
        [
          29,
          "?."
        ],
        [
          80,
          "result"
        ],
        [
          29,
          "?."
        ],
        [
          80,
          "mediaId"
        ],
        [
          27,
          ";"
        ],
        [
          101,
          "if"
        ],
        [
          21,
          "("
        ],
        [
          80,
          "mediaId"
        ],
        [
          22,
          ")"
        ],
        [
          107,
          "return"
        ],
        [
          80,
          "mediaId"
        ],
        [
          27,
          ";"
        ],
        [
          20,
          "}"
        ],
        [
          107,
          "return"
        ],
        [
          80,
          "undefined"
        ],
        [
          27,
          ";"
        ],
        [
          20,
          "}"
        ],
        [
          100,
          "function"
        ],
        [
          80,
          "AssetStill"
        ],
        [
          21,
          "("
        ],
        [
          19,
          "{"
        ],
        [
          80,
          "mediaId"
        ],
        [
          28,
          ","
        ],
        [
          80,
          "title"
        ],
        [
          28,
          ","
        ],
        [
          80,
          "className"
        ],
        [
          28,
          ","
        ],
        [
          20,
          "}"
        ],
        [
          59,
          ":"
        ],
        [
          19,
          "{"
        ],
        [
          80,
          "mediaId"
        ],
        [
          58,
          "?"
        ],
        [
          59,
          ":"
        ],
        [
          80,
          "Id"
        ],
        [
          27,
          ";"
        ],
        [
          80,
          "title"
        ],
        [
          59,
          ":"
        ],
        [
          154,
          "string"
        ],
        [
          27,
          ";"
        ],
        [
          80,
          "className"
        ],
        [
          58,
          "?"
        ],
        [
          59,
          ":"
        ],
        [
          154,
          "string"
        ],
        [
          27,
          ";"
        ],
        [
          20,
          "}"
        ],
        [
          22,
          ")"
        ],
        [
          19,
          "{"
        ],
        [
          107,
          "return"
        ],
        [
          21,
          "("
        ],
        [
          30,
          "<"
        ],
        [
          80,
          "div"
        ],
        [
          80,
          "className"
        ],
        [
          64,
          "="
        ],
        [
          19,
          "{"
        ],
        [
          80,
          "cn"
        ],
        [
          21,
          "("
        ],
        [
          11,
          "\"size-10 shrink-0 overflow-hidden rounded-md\""
        ],
        [
          28,
          ","
        ],
        [
          80,
          "className"
        ],
        [
          22,
          ")"
        ],
        [
          20,
          "}"
        ],
        [
          32,
          ">"
        ],
        [
          12,
          ""
        ],
        [
          30,
          "<"
        ],
        [
          80,
          "Still"
        ],
        [
          80,
          "mediaId"
        ],
        [
          64,
          "="
        ],
        [
          19,
          "{"
        ],
        [
          80,
          "mediaId"
        ],
        [
          20,
          "}"
        ],
        [
          80,
          "title"
        ],
        [
          64,
          "="
        ],
        [
          19,
          "{"
        ],
        [
          80,
          "title"
        ],
        [
          20,
          "}"
        ],
        [
          80,
          "className"
        ],
        [
          64,
          "="
        ],
        [
          11,
          "\"p-1.5 [&_span]:text-base\""
        ],
        [
          44,
          "/"
        ],
        [
          32,
          ">"
        ],
        [
          12,
          ""
        ],
        [
          30,
          "<"
        ],
        [
          44,
          "/"
        ],
        [
          80,
          "div"
        ],
        [
          32,
          ">"
        ],
        [
          22,
          ")"
        ],
        [
          27,
          ";"
        ],
        [
          20,
          "}"
        ],
        [
          87,
          "const"
        ],
        [
          80,
          "FLUSH_SELECT_TRIGGER"
        ],
        [
          64,
          "="
        ],
        [
          16,
          "`${"
        ],
        [
          80,
          "DESIGN_CELL_CHROME"
        ],
        [
          18,
          "} w-full rounded-none border-0 bg-transparent shadow-none focus:ring-0 focus-visible:ring-0 data-[size=default]:h-full dark:bg-transparent dark:hover:bg-transparent`"
        ],
        [
          27,
          ";"
        ],
        [
          95,
          "export"
        ],
        [
          100,
          "function"
        ],
        [
          80,
          "ShotRow"
        ],
        [
          21,
          "("
        ],
        [
          19,
          "{"
        ],
        [
          80,
          "textPending"
        ],
        [
          28,
          ","
        ],
        [
          80,
          "onDraftStatus"
        ],
        [
          28,
          ","
        ],
        [
          80,
          "shot"
        ],
        [
          28,
          ","
        ],
        [
          80,
          "striped"
        ],
        [
          28,
          ","
        ],
        [
          80,
          "initiallyVisible"
        ],
        [
          28,
          ","
        ],
        [
          80,
          "projectId"
        ],
        [
          28,
          ","
        ],
        [
          80,
          "episodeId"
        ],
        [
          28,
          ","
        ],
        [
          80,
          "selecting"
        ],
        [
          28,
          ","
        ],
        [
          80,
          "selected"
        ],
        [
          28,
          ","
        ],
        [
          80,
          "onSelectedChange"
        ],
        [
          28,
          ","
        ],
        [
          80,
          "active"
        ],
        [
          28,
          ","
        ],
        [
          80,
          "onActivate"
        ],
        [
          28,
          ","
        ],
        [
          80,
          "workspaceView"
        ],
        [
          28,
          ","
        ],
        [
          80,
          "visibleDefs"
        ],
        [
          28,
          ","
        ],
        [
          80,
          "characters"
        ],
        [
          28,
          ","
        ],
        [
          80,
          "scenes"
        ],
        [
          28,
          ","
        ],
        [
          80,
          "beatId"
        ],
        [
          28,
          ","
        ],
        [
          80,
          "showBelow"
        ],
        [
          28,
          ","
        ],
        [
          80,
          "canMoveUp"
        ],
        [
          28,
          ","
        ],
        [
          80,
          "canMoveDown"
        ],
        [
          28,
          ","
        ],
        [
          80,
          "onMove"
        ],
        [
          28,
          ","
        ],
        [
          80,
          "onDuplicate"
        ],
        [
          28,
          ","
        ],
        [
          80,
          "onEditRelations"
        ],
        [
          28,
          ","
        ],
        [
          80,
          "onSlotOpenChange"
        ],
        [
          28,
          ","
        ],
        [
          80,
          "unavailable"
        ],
        [
          28,
          ","
        ],
        [
          20,
          "}"
        ],
        [
          59,
          ":"
        ],
        [
          19,
          "{"
        ],
        [
          80,
          "textPending"
        ],
        [
          58,
          "?"
        ],
        [
          59,
          ":"
        ],
        [
          136,
          "boolean"
        ],
        [
          27,
          ";"
        ],
        [
          80,
          "onDraftStatus"
        ],
        [
          58,
          "?"
        ],
        [
          59,
          ":"
        ],
        [
          80,
          "TextDraftStatusChange"
        ],
        [
          27,
          ";"
        ],
        [
          80,
          "shot"
        ],
        [
          59,
          ":"
        ],
        [
          80,
          "Shot"
        ],
        [
          27,
          ";"
        ],
        [
          80,
          "striped"
        ],
        [
          59,
          ":"
        ],
        [
          136,
          "boolean"
        ],
        [
          27,
          ";"
        ],
        [
          80,
          "initiallyVisible"
        ],
        [
          59,
          ":"
        ],
        [
          136,
          "boolean"
        ],
        [
          27,
          ";"
        ],
        [
          80,
          "projectId"
        ],
        [
          59,
          ":"
        ],
        [
          154,
          "string"
        ],
        [
          27,
          ";"
        ],
        [
          80,
          "episodeId"
        ],
        [
          59,
          ":"
        ],
        [
          154,
          "string"
        ],
        [
          27,
          ";"
        ],
        [
          80,
          "selecting"
        ],
        [
          59,
          ":"
        ],
        [
          136,
          "boolean"
        ],
        [
          27,
          ";"
        ],
        [
          80,
          "selected"
        ],
        [
          59,
          ":"
        ],
        [
          136,
          "boolean"
        ],
        [
          27,
          ";"
        ],
        [
          80,
          "onSelectedChange"
        ],
        [
          59,
          ":"
        ],
        [
          21,
          "("
        ],
        [
          80,
          "checked"
        ],
        [
          59,
          ":"
        ],
        [
          136,
          "boolean"
        ],
        [
          22,
          ")"
        ],
        [
          39,
          "=>"
        ],
        [
          116,
          "void"
        ],
        [
          27,
          ";"
        ],
        [
          80,
          "active"
        ],
        [
          58,
          "?"
        ],
        [
          59,
          ":"
        ],
        [
          136,
          "boolean"
        ],
        [
          27,
          ";"
        ],
        [
          80,
          "onActivate"
        ],
        [
          59,
          ":"
        ],
        [
          21,
          "("
        ],
        [
          22,
          ")"
        ],
        [
          39,
          "=>"
        ],
        [
          116,
          "void"
        ],
        [
          27,
          ";"
        ],
        [
          80,
          "workspaceView"
        ],
        [
          59,
          ":"
        ],
        [
          80,
          "ShotWorkspaceView"
        ],
        [
          27,
          ";"
        ],
        [
          80,
          "visibleDefs"
        ],
        [
          59,
          ":"
        ],
        [
          80,
          "ColumnDef"
        ],
        [
          23,
          "["
        ],
        [
          24,
          "]"
        ],
        [
          27,
          ";"
        ],
        [
          80,
          "characters"
        ],
        [
          59,
          ":"
        ],
        [
          80,
          "Character"
        ],
        [
          23,
          "["
        ],
        [
          24,
          "]"
        ],
        [
          27,
          ";"
        ],
        [
          80,
          "scenes"
        ],
        [
          59,
          ":"
        ],
        [
          80,
          "Scene"
        ],
        [
          23,
          "["
        ],
        [
          24,
          "]"
        ],
        [
          27,
          ";"
        ],
        [
          80,
          "beatId"
        ],
        [
          58,
          "?"
        ],
        [
          59,
          ":"
        ],
        [
          154,
          "string"
        ],
        [
          27,
          ";"
        ],
        [
          80,
          "showBelow"
        ],
        [
          58,
          "?"
        ],
        [
          59,
          ":"
        ],
        [
          136,
          "boolean"
        ],
        [
          27,
          ";"
        ],
        [
          80,
          "canMoveUp"
        ],
        [
          59,
          ":"
        ],
        [
          136,
          "boolean"
        ],
        [
          27,
          ";"
        ],
        [
          80,
          "canMoveDown"
        ],
        [
          59,
          ":"
        ],
        [
          136,
          "boolean"
        ],
        [
          27,
          ";"
        ],
        [
          80,
          "onMove"
        ],
        [
          59,
          ":"
        ],
        [
          21,
          "("
        ],
        [
          80,
          "offset"
        ],
        [
          59,
          ":"
        ],
        [
          41,
          "-"
        ],
        [
          9,
          "1"
        ],
        [
          52,
          "|"
        ],
        [
          9,
          "1"
        ],
        [
          22,
          ")"
        ],
        [
          39,
          "=>"
        ],
        [
          116,
          "void"
        ],
        [
          27,
          ";"
        ],
        [
          80,
          "onDuplicate"
        ],
        [
          59,
          ":"
        ],
        [
          21,
          "("
        ],
        [
          22,
          ")"
        ],
        [
          39,
          "=>"
        ],
        [
          116,
          "void"
        ],
        [
          27,
          ";"
        ],
        [
          80,
          "unavailable"
        ],
        [
          59,
          ":"
        ],
        [
          136,
          "boolean"
        ],
        [
          27,
          ";"
        ],
        [
          80,
          "onSlotOpenChange"
        ],
        [
          59,
          ":"
        ],
        [
          21,
          "("
        ],
        [
          80,
          "open"
        ],
        [
          59,
          ":"
        ],
        [
          136,
          "boolean"
        ],
        [
          22,
          ")"
        ],
        [
          39,
          "=>"
        ],
        [
          116,
          "void"
        ],
        [
          27,
          ";"
        ],
        [
          80,
          "onEditRelations"
        ],
        [
          59,
          ":"
        ],
        [
          21,
          "("
        ],
        [
          22,
          ")"
        ],
        [
          39,
          "=>"
        ],
        [
          116,
          "void"
        ],
        [
          27,
          ";"
        ],
        [
          20,
          "}"
        ],
        [
          22,
          ")"
        ],
        [
          19,
          "{"
        ],
        [
          87,
          "const"
        ],
        [
          19,
          "{"
        ],
        [
          80,
          "attributes"
        ],
        [
          28,
          ","
        ],
        [
          80,
          "listeners"
        ],
        [
          28,
          ","
        ],
        [
          80,
          "setNodeRef"
        ],
        [
          28,
          ","
        ],
        [
          80,
          "transform"
        ],
        [
          28,
          ","
        ],
        [
          80,
          "transition"
        ],
        [
          28,
          ","
        ],
        [
          80,
          "isDragging"
        ],
        [
          28,
          ","
        ],
        [
          20,
          "}"
        ],
        [
          64,
          "="
        ],
        [
          80,
          "useSortable"
        ],
        [
          21,
          "("
        ],
        [
          19,
          "{"
        ],
        [
          80,
          "id"
        ],
        [
          59,
          ":"
        ],
        [
          80,
          "shot"
        ],
        [
          25,
          "."
        ],
        [
          80,
          "id"
        ],
        [
          28,
          ","
        ],
        [
          80,
          "disabled"
        ],
        [
          59,
          ":"
        ],
        [
          80,
          "selecting"
        ],
        [
          20,
          "}"
        ],
        [
          22,
          ")"
        ],
        [
          27,
          ";"
        ],
        [
          87,
          "const"
        ],
        [
          80,
          "style"
        ],
        [
          59,
          ":"
        ],
        [
          80,
          "CSSProperties"
        ],
        [
          64,
          "="
        ],
        [
          19,
          "{"
        ],
        [
          80,
          "transform"
        ],
        [
          59,
          ":"
        ],
        [
          80,
          "CSS"
        ],
        [
          25,
          "."
        ],
        [
          80,
          "Transform"
        ],
        [
          25,
          "."
        ],
        [
          80,
          "toString"
        ],
        [
          21,
          "("
        ],
        [
          80,
          "transform"
        ],
        [
          22,
          ")"
        ],
        [
          28,
          ","
        ],
        [
          80,
          "transition"
        ],
        [
          28,
          ","
        ],
        [
          80,
          "opacity"
        ],
        [
          59,
          ":"
        ],
        [
          80,
          "isDragging"
        ],
        [
          58,
          "?"
        ],
        [
          9,
          "0.72"
        ],
        [
          59,
          ":"
        ],
        [
          80,
          "undefined"
        ],
        [
          28,
          ","
        ],
        [
          80,
          "zIndex"
        ],
        [
          59,
          ":"
        ],
        [
          80,
          "isDragging"
        ],
        [
          58,
          "?"
        ],
        [
          9,
          "10"
        ],
        [
          59,
          ":"
        ],
        [
          80,
          "undefined"
        ],
        [
          28,
          ","
        ],
        [
          20,
          "}"
        ],
        [
          27,
          ";"
        ],
        [
          87,
          "const"
        ],
        [
          19,
          "{"
        ],
        [
          80,
          "rowRef"
        ],
        [
          28,
          ","
        ],
        [
          80,
          "nearViewport"
        ],
        [
          20,
          "}"
        ],
        [
          64,
          "="
        ],
        [
          80,
          "useShotRowViewport"
        ],
        [
          21,
          "("
        ],
        [
          80,
          "initiallyVisible"
        ],
        [
          22,
          ")"
        ],
        [
          27,
          ";"
        ],
        [
          87,
          "const"
        ],
        [
          80,
          "mountedRowRef"
        ],
        [
          64,
          "="
        ],
        [
          80,
          "useCallback"
        ],
        [
          21,
          "("
        ],
        [
          21,
          "("
        ],
        [
          80,
          "element"
        ],
        [
          59,
          ":"
        ],
        [
          80,
          "HTMLDivElement"
        ],
        [
          52,
          "|"
        ],
        [
          106,
          "null"
        ],
        [
          22,
          ")"
        ],
        [
          39,
          "=>"
        ],
        [
          19,
          "{"
        ],
        [
          80,
          "setNodeRef"
        ],
        [
          21,
          "("
        ],
        [
          80,
          "element"
        ],
        [
          22,
          ")"
        ],
        [
          27,
          ";"
        ],
        [
          80,
          "rowRef"
        ],
        [
          21,
          "("
        ],
        [
          80,
          "element"
        ],
        [
          22,
          ")"
        ],
        [
          27,
          ";"
        ],
        [
          20,
          "}"
        ],
        [
          28,
          ","
        ],
        [
          23,
          "["
        ],
        [
          80,
          "setNodeRef"
        ],
        [
          28,
          ","
        ],
        [
          80,
          "rowRef"
        ],
        [
          24,
          "]"
        ],
        [
          22,
          ")"
        ],
        [
          27,
          ";"
        ],
        [
          87,
          "const"
        ],
        [
          80,
          "renderContents"
        ],
        [
          64,
          "="
        ],
        [
          80,
          "nearViewport"
        ],
        [
          57,
          "||"
        ],
        [
          80,
          "active"
        ],
        [
          57,
          "||"
        ],
        [
          80,
          "isDragging"
        ],
        [
          57,
          "||"
        ],
        [
          80,
          "textPending"
        ],
        [
          27,
          ";"
        ],
        [
          87,
          "const"
        ],
        [
          80,
          "selectedScene"
        ],
        [
          64,
          "="
        ],
        [
          80,
          "scenes"
        ],
        [
          25,
          "."
        ],
        [
          80,
          "find"
        ],
        [
          21,
          "("
        ],
        [
          21,
          "("
        ],
        [
          80,
          "scene"
        ],
        [
          22,
          ")"
        ],
        [
          39,
          "=>"
        ],
        [
          80,
          "scene"
        ],
        [
          25,
          "."
        ],
        [
          80,
          "id"
        ],
        [
          37,
          "==="
        ],
        [
          80,
          "shot"
        ],
        [
          25,
          "."
        ],
        [
          80,
          "sceneId"
        ],
        [
          22,
          ")"
        ],
        [
          27,
          ";"
        ],
        [
          87,
          "const"
        ],
        [
          80,
          "selectedCharacters"
        ],
        [
          64,
          "="
        ],
        [
          80,
          "characters"
        ],
        [
          25,
          "."
        ],
        [
          80,
          "filter"
        ],
        [
          21,
          "("
        ],
        [
          21,
          "("
        ],
        [
          80,
          "character"
        ],
        [
          22,
          ")"
        ],
        [
          39,
          "=>"
        ],
        [
          80,
          "shot"
        ],
        [
          25,
          "."
        ],
        [
          80,
          "characterIds"
        ],
        [
          25,
          "."
        ],
        [
          80,
          "includes"
        ],
        [
          21,
          "("
        ],
        [
          80,
          "character"
        ],
        [
          25,
          "."
        ],
        [
          80,
          "id"
        ],
        [
          22,
          ")"
        ],
        [
          28,
          ","
        ],
        [
          22,
          ")"
        ],
        [
          27,
          ";"
        ],
        [
          107,
          "return"
        ],
        [
          21,
          "("
        ],
        [
          30,
          "<"
        ],
        [
          80,
          "div"
        ],
        [
          80,
          "id"
        ],
        [
          64,
          "="
        ],
        [
          19,
          "{"
        ],
        [
          16,
          "`shot-${"
        ],
        [
          80,
          "shot"
        ],
        [
          25,
          "."
        ],
        [
          80,
          "id"
        ],
        [
          18,
          "}`"
        ],
        [
          20,
          "}"
        ],
        [
          80,
          "ref"
        ],
        [
          64,
          "="
        ],
        [
          19,
          "{"
        ],
        [
          80,
          "mountedRowRef"
        ],
        [
          20,
          "}"
        ],
        [
          80,
          "style"
        ],
        [
          64,
          "="
        ],
        [
          19,
          "{"
        ],
        [
          19,
          "{"
        ],
        [
          26,
          "..."
        ],
        [
          80,
          "style"
        ],
        [
          28,
          ","
        ],
        [
          80,
          "height"
        ],
        [
          59,
          ":"
        ],
        [
          9,
          "160"
        ],
        [
          20,
          "}"
        ],
        [
          20,
          "}"
        ],
        [
          80,
          "tabIndex"
        ],
        [
          64,
          "="
        ],
        [
          19,
          "{"
        ],
        [
          80,
          "renderContents"
        ],
        [
          58,
          "?"
        ],
        [
          80,
          "undefined"
        ],
        [
          59,
          ":"
        ],
        [
          9,
          "0"
        ],
        [
          20,
          "}"
        ],
        [
          80,
          "aria-label"
        ],
        [
          64,
          "="
        ],
        [
          19,
          "{"
        ],
        [
          80,
          "renderContents"
        ],
        [
          58,
          "?"
        ],
        [
          80,
          "undefined"
        ],
        [
          59,
          ":"
        ],
        [
          16,
          "`镜头 ${"
        ],
        [
          80,
          "shot"
        ],
        [
          25,
          "."
        ],
        [
          80,
          "shotNumber"
        ],
        [
          18,
          "}`"
        ],
        [
          20,
          "}"
        ],
        [
          80,
          "data-shot-mounted"
        ],
        [
          64,
          "="
        ],
        [
          19,
          "{"
        ],
        [
          80,
          "renderContents"
        ],
        [
          58,
          "?"
        ],
        [
          11,
          "\"true\""
        ],
        [
          59,
          ":"
        ],
        [
          11,
          "\"false\""
        ],
        [
          20,
          "}"
        ],
        [
          80,
          "className"
        ],
        [
          64,
          "="
        ],
        [
          19,
          "{"
        ],
        [
          16,
          "`group relative scroll-m-20 transition-shadow duration-300 ${"
        ],
        [
          80,
          "active"
        ],
        [
          58,
          "?"
        ],
        [
          11,
          "\"z-10 overflow-visible\""
        ],
        [
          59,
          ":"
        ],
        [
          11,
          "\"\""
        ],
        [
          18,
          "}`"
        ],
        [
          20,
          "}"
        ],
        [
          80,
          "onMouseDown"
        ],
        [
          64,
          "="
        ],
        [
          19,
          "{"
        ],
        [
          80,
          "onActivate"
        ],
        [
          20,
          "}"
        ],
        [
          80,
          "onFocusCapture"
        ],
        [
          64,
          "="
        ],
        [
          19,
          "{"
        ],
        [
          80,
          "onActivate"
        ],
        [
          20,
          "}"
        ],
        [
          32,
          ">"
        ],
        [
          12,
          ""
        ],
        [
          19,
          "{"
        ],
        [
          80,
          "renderContents"
        ],
        [
          58,
          "?"
        ],
        [
          30,
          "<"
        ],
        [
          32,
          ">"
        ],
        [
          12,
          ""
        ],
        [
          30,
          "<"
        ],
        [
          80,
          "Button"
        ],
        [
          80,
          "type"
        ],
        [
          64,
          "="
        ],
        [
          11,
          "\"button\""
        ],
        [
          80,
          "variant"
        ],
        [
          64,
          "="
        ],
        [
          11,
          "\"outline\""
        ],
        [
          80,
          "size"
        ],
        [
          64,
          "="
        ],
        [
          11,
          "\"icon-sm\""
        ],
        [
          80,
          "className"
        ],
        [
          64,
          "="
        ],
        [
          11,
          "\"absolute top-0 left-3.5 z-10 size-6 -translate-y-1/2 rounded-full opacity-0 transition-opacity group-hover:opacity-100\""
        ],
        [
          80,
          "onClick"
        ],
        [
          64,
          "="
        ],
        [
          19,
          "{"
        ],
        [
          21,
          "("
        ],
        [
          22,
          ")"
        ],
        [
          39,
          "=>"
        ],
        [
          116,
          "void"
        ],
        [
          80,
          "addShot"
        ],
        [
          21,
          "("
        ],
        [
          80,
          "projectId"
        ],
        [
          28,
          ","
        ],
        [
          80,
          "episodeId"
        ],
        [
          28,
          ","
        ],
        [
          19,
          "{"
        ],
        [
          80,
          "atOrder"
        ],
        [
          59,
          ":"
        ],
        [
          80,
          "shot"
        ],
        [
          25,
          "."
        ],
        [
          80,
          "order"
        ],
        [
          28,
          ","
        ],
        [
          80,
          "beatId"
        ],
        [
          59,
          ":"
        ],
        [
          80,
          "beatId"
        ],
        [
          61,
          "??"
        ],
        [
          80,
          "shot"
        ],
        [
          25,
          "."
        ],
        [
          80,
          "beatId"
        ],
        [
          28,
          ","
        ],
        [
          20,
          "}"
        ],
        [
          22,
          ")"
        ],
        [
          20,
          "}"
        ],
        [
          80,
          "aria-label"
        ],
        [
          64,
          "="
        ],
        [
          11,
          "\"在上方插入镜头\""
        ],
        [
          32,
          ">"
        ],
        [
          12,
          ""
        ],
        [
          30,
          "<"
        ],
        [
          80,
          "Plus"
        ],
        [
          44,
          "/"
        ],
        [
          32,
          ">"
        ],
        [
          12,
          ""
        ],
        [
          30,
          "<"
        ],
        [
          44,
          "/"
        ],
        [
          80,
          "Button"
        ],
        [
          32,
          ">"
        ],
        [
          12,
          ""
        ],
        [
          30,
          "<"
        ],
        [
          80,
          "div"
        ],
        [
          80,
          "className"
        ],
        [
          64,
          "="
        ],
        [
          19,
          "{"
        ],
        [
          80,
          "cn"
        ],
        [
          21,
          "("
        ],
        [
          11,
          "\"grid h-[160px] items-stretch border-b\""
        ],
        [
          28,
          ","
        ],
        [
          80,
          "striped"
        ],
        [
          58,
          "?"
        ],
        [
          11,
          "\"bg-muted/40\""
        ],
        [
          59,
          ":"
        ],
        [
          11,
          "\"bg-background\""
        ],
        [
          28,
          ","
        ],
        [
          80,
          "active"
        ],
        [
          56,
          "&&"
        ],
        [
          11,
          "\"ring-2 ring-inset ring-brand\""
        ],
        [
          28,
          ","
        ],
        [
          22,
          ")"
        ],
        [
          20,
          "}"
        ],
        [
          80,
          "style"
        ],
        [
          64,
          "="
        ],
        [
          19,
          "{"
        ],
        [
          19,
          "{"
        ],
        [
          80,
          "gridTemplateColumns"
        ],
        [
          59,
          ":"
        ],
        [
          80,
          "gridColumns"
        ],
        [
          21,
          "("
        ],
        [
          80,
          "workspaceView"
        ],
        [
          28,
          ","
        ],
        [
          80,
          "visibleDefs"
        ],
        [
          22,
          ")"
        ],
        [
          20,
          "}"
        ],
        [
          20,
          "}"
        ],
        [
          32,
          ">"
        ],
        [
          12,
          ""
        ],
        [
          30,
          "<"
        ],
        [
          80,
          "div"
        ],
        [
          80,
          "className"
        ],
        [
          64,
          "="
        ],
        [
          19,
          "{"
        ],
        [
          80,
          "SHOT_LEFT_CONTROLS"
        ],
        [
          20,
          "}"
        ],
        [
          32,
          ">"
        ],
        [
          12,
          ""
        ],
        [
          19,
          "{"
        ],
        [
          80,
          "selecting"
        ],
        [
          58,
          "?"
        ],
        [
          21,
          "("
        ],
        [
          30,
          "<"
        ],
        [
          80,
          "Checkbox"
        ],
        [
          80,
          "aria-label"
        ],
        [
          64,
          "="
        ],
        [
          19,
          "{"
        ],
        [
          16,
          "`选择镜头 ${"
        ],
        [
          80,
          "shot"
        ],
        [
          25,
          "."
        ],
        [
          80,
          "shotNumber"
        ],
        [
          18,
          "}`"
        ],
        [
          20,
          "}"
        ],
        [
          80,
          "checked"
        ],
        [
          64,
          "="
        ],
        [
          19,
          "{"
        ],
        [
          80,
          "selected"
        ],
        [
          20,
          "}"
        ],
        [
          80,
          "onCheckedChange"
        ],
        [
          64,
          "="
        ],
        [
          19,
          "{"
        ],
        [
          21,
          "("
        ],
        [
          80,
          "checked"
        ],
        [
          22,
          ")"
        ],
        [
          39,
          "=>"
        ],
        [
          19,
          "{"
        ],
        [
          80,
          "onSelectedChange"
        ],
        [
          21,
          "("
        ],
        [
          80,
          "checked"
        ],
        [
          37,
          "==="
        ],
        [
          112,
          "true"
        ],
        [
          22,
          ")"
        ],
        [
          27,
          ";"
        ],
        [
          20,
          "}"
        ],
        [
          20,
          "}"
        ],
        [
          44,
          "/"
        ],
        [
          32,
          ">"
        ],
        [
          22,
          ")"
        ],
        [
          59,
          ":"
        ],
        [
          21,
          "("
        ],
        [
          30,
          "<"
        ],
        [
          32,
          ">"
        ],
        [
          12,
          ""
        ],
        [
          30,
          "<"
        ],
        [
          80,
          "Button"
        ],
        [
          80,
          "size"
        ],
        [
          64,
          "="
        ],
        [
          11,
          "\"icon-sm\""
        ],
        [
          80,
          "variant"
        ],
        [
          64,
          "="
        ],
        [
          11,
          "\"ghost\""
        ],
        [
          80,
          "className"
        ],
        [
          64,
          "="
        ],
        [
          11,
          "\"size-6\""
        ],
        [
          80,
          "aria-label"
        ],
        [
          64,
          "="
        ],
        [
          11,
          "\"上移镜头\""
        ],
        [
          80,
          "disabled"
        ],
        [
          64,
          "="
        ],
        [
          19,
          "{"
        ],
        [
          54,
          "!"
        ],
        [
          80,
          "canMoveUp"
        ],
        [
          20,
          "}"
        ],
        [
          80,
          "onClick"
        ],
        [
          64,
          "="
        ],
        [
          19,
          "{"
        ],
        [
          21,
          "("
        ],
        [
          22,
          ")"
        ],
        [
          39,
          "=>"
        ],
        [
          80,
          "onMove"
        ],
        [
          21,
          "("
        ],
        [
          41,
          "-"
        ],
        [
          9,
          "1"
        ],
        [
          22,
          ")"
        ],
        [
          20,
          "}"
        ],
        [
          32,
          ">"
        ],
        [
          12,
          ""
        ],
        [
          30,
          "<"
        ],
        [
          80,
          "ArrowUp"
        ],
        [
          44,
          "/"
        ],
        [
          32,
          ">"
        ],
        [
          12,
          ""
        ],
        [
          30,
          "<"
        ],
        [
          44,
          "/"
        ],
        [
          80,
          "Button"
        ],
        [
          32,
          ">"
        ],
        [
          12,
          ""
        ],
        [
          30,
          "<"
        ],
        [
          80,
          "button"
        ],
        [
          80,
          "type"
        ],
        [
          64,
          "="
        ],
        [
          11,
          "\"button\""
        ],
        [
          80,
          "className"
        ],
        [
          64,
          "="
        ],
        [
          11,
          "\"text-muted-foreground hover:text-foreground inline-flex size-6 cursor-grab items-center justify-center rounded-md active:cursor-grabbing\""
        ],
        [
          80,
          "aria-label"
        ],
        [
          64,
          "="
        ],
        [
          11,
          "\"拖拽调整镜头顺序\""
        ],
        [
          19,
          "{"
        ],
        [
          26,
          "..."
        ],
        [
          80,
          "attributes"
        ],
        [
          20,
          "}"
        ],
        [
          19,
          "{"
        ],
        [
          26,
          "..."
        ],
        [
          80,
          "listeners"
        ],
        [
          20,
          "}"
        ],
        [
          32,
          ">"
        ],
        [
          12,
          ""
        ],
        [
          30,
          "<"
        ],
        [
          80,
          "GripVertical"
        ],
        [
          80,
          "className"
        ],
        [
          64,
          "="
        ],
        [
          11,
          "\"size-3.5\""
        ],
        [
          44,
          "/"
        ],
        [
          32,
          ">"
        ],
        [
          12,
          ""
        ],
        [
          30,
          "<"
        ],
        [
          44,
          "/"
        ],
        [
          80,
          "button"
        ],
        [
          32,
          ">"
        ],
        [
          12,
          ""
        ],
        [
          30,
          "<"
        ],
        [
          80,
          "Button"
        ],
        [
          80,
          "size"
        ],
        [
          64,
          "="
        ],
        [
          11,
          "\"icon-sm\""
        ],
        [
          80,
          "variant"
        ],
        [
          64,
          "="
        ],
        [
          11,
          "\"ghost\""
        ],
        [
          80,
          "className"
        ],
        [
          64,
          "="
        ],
        [
          11,
          "\"size-6\""
        ],
        [
          80,
          "aria-label"
        ],
        [
          64,
          "="
        ],
        [
          11,
          "\"下移镜头\""
        ],
        [
          80,
          "disabled"
        ],
        [
          64,
          "="
        ],
        [
          19,
          "{"
        ],
        [
          54,
          "!"
        ],
        [
          80,
          "canMoveDown"
        ],
        [
          20,
          "}"
        ],
        [
          80,
          "onClick"
        ],
        [
          64,
          "="
        ],
        [
          19,
          "{"
        ],
        [
          21,
          "("
        ],
        [
          22,
          ")"
        ],
        [
          39,
          "=>"
        ],
        [
          80,
          "onMove"
        ],
        [
          21,
          "("
        ],
        [
          9,
          "1"
        ],
        [
          22,
          ")"
        ],
        [
          20,
          "}"
        ],
        [
          32,
          ">"
        ],
        [
          12,
          ""
        ],
        [
          30,
          "<"
        ],
        [
          80,
          "ArrowDown"
        ],
        [
          44,
          "/"
        ],
        [
          32,
          ">"
        ],
        [
          12,
          ""
        ],
        [
          30,
          "<"
        ],
        [
          44,
          "/"
        ],
        [
          80,
          "Button"
        ],
        [
          32,
          ">"
        ],
        [
          12,
          ""
        ],
        [
          30,
          "<"
        ],
        [
          80,
          "Button"
        ],
        [
          80,
          "size"
        ],
        [
          64,
          "="
        ],
        [
          11,
          "\"icon-sm\""
        ],
        [
          80,
          "variant"
        ],
        [
          64,
          "="
        ],
        [
          11,
          "\"ghost\""
        ],
        [
          80,
          "className"
        ],
        [
          64,
          "="
        ],
        [
          11,
          "\"size-6\""
        ],
        [
          80,
          "aria-label"
        ],
        [
          64,
          "="
        ],
        [
          11,
          "\"复制镜头\""
        ],
        [
          80,
          "onClick"
        ],
        [
          64,
          "="
        ],
        [
          19,
          "{"
        ],
        [
          80,
          "onDuplicate"
        ],
        [
          20,
          "}"
        ],
        [
          32,
          ">"
        ],
        [
          12,
          ""
        ],
        [
          30,
          "<"
        ],
        [
          80,
          "CopyPlus"
        ],
        [
          44,
          "/"
        ],
        [
          32,
          ">"
        ],
        [
          12,
          ""
        ],
        [
          30,
          "<"
        ],
        [
          44,
          "/"
        ],
        [
          80,
          "Button"
        ],
        [
          32,
          ">"
        ],
        [
          12,
          ""
        ],
        [
          30,
          "<"
        ],
        [
          44,
          "/"
        ],
        [
          32,
          ">"
        ],
        [
          22,
          ")"
        ],
        [
          20,
          "}"
        ],
        [
          12,
          ""
        ],
        [
          30,
          "<"
        ],
        [
          44,
          "/"
        ],
        [
          80,
          "div"
        ],
        [
          32,
          ">"
        ],
        [
          12,
          ""
        ],
        [
          30,
          "<"
        ],
        [
          80,
          "div"
        ],
        [
          80,
          "className"
        ],
        [
          64,
          "="
        ],
        [
          19,
          "{"
        ],
        [
          80,
          "cn"
        ],
        [
          21,
          "("
        ],
        [
          80,
          "DESIGN_CELL_CHROME"
        ],
        [
          28,
          ","
        ],
        [
          11,
          "\"flex-col gap-2\""
        ],
        [
          22,
          ")"
        ],
        [
          20,
          "}"
        ],
        [
          32,
          ">"
        ],
        [
          12,
          ""
        ],
        [
          30,
          "<"
        ],
        [
          80,
          "ShotTextField"
        ],
        [
          80,
          "shot"
        ],
        [
          64,
          "="
        ],
        [
          19,
          "{"
        ],
        [
          80,
          "shot"
        ],
        [
          20,
          "}"
        ],
        [
          80,
          "field"
        ],
        [
          64,
          "="
        ],
        [
          11,
          "\"shotNumber\""
        ],
        [
          80,
          "onDraftStatus"
        ],
        [
          64,
          "="
        ],
        [
          19,
          "{"
        ],
        [
          80,
          "onDraftStatus"
        ],
        [
          20,
          "}"
        ],
        [
          80,
          "unavailable"
        ],
        [
          64,
          "="
        ],
        [
          19,
          "{"
        ],
        [
          80,
          "unavailable"
        ],
        [
          20,
          "}"
        ],
        [
          80,
          "ariaLabel"
        ],
        [
          64,
          "="
        ],
        [
          11,
          "\"镜号\""
        ],
        [
          80,
          "className"
        ],
        [
          64,
          "="
        ],
        [
          11,
          "\"h-8 w-10 border-0 bg-transparent text-center shadow-none focus-visible:ring-0\""
        ],
        [
          44,
          "/"
        ],
        [
          32,
          ">"
        ],
        [
          12,
          ""
        ],
        [
          30,
          "<"
        ],
        [
          80,
          "Button"
        ],
        [
          80,
          "size"
        ],
        [
          64,
          "="
        ],
        [
          11,
          "\"sm\""
        ],
        [
          80,
          "variant"
        ],
        [
          64,
          "="
        ],
        [
          11,
          "\"ghost\""
        ],
        [
          80,
          "className"
        ],
        [
          64,
          "="
        ],
        [
          11,
          "\"h-7 px-1 text-xs\""
        ],
        [
          80,
          "aria-label"
        ],
        [
          64,
          "="
        ],
        [
          19,
          "{"
        ],
        [
          16,
          "`镜头 ${"
        ],
        [
          80,
          "shot"
        ],
        [
          25,
          "."
        ],
        [
          80,
          "shotNumber"
        ],
        [
          18,
          "} 道具与风格`"
        ],
        [
          20,
          "}"
        ],
        [
          80,
          "onClick"
        ],
        [
          64,
          "="
        ],
        [
          19,
          "{"
        ],
        [
          80,
          "onEditRelations"
        ],
        [
          20,
          "}"
        ],
        [
          32,
          ">"
        ],
        [
          12,
          "设定"
        ],
        [
          30,
          "<"
        ],
        [
          44,
          "/"
        ],
        [
          80,
          "Button"
        ],
        [
          32,
          ">"
        ],
        [
          12,
          ""
        ],
        [
          30,
          "<"
        ],
        [
          44,
          "/"
        ],
        [
          80,
          "div"
        ],
        [
          32,
          ">"
        ],
        [
          12,
          ""
        ],
        [
          30,
          "<"
        ],
        [
          80,
          "div"
        ],
        [
          80,
          "className"
        ],
        [
          64,
          "="
        ],
        [
          19,
          "{"
        ],
        [
          80,
          "cn"
        ],
        [
          21,
          "("
        ],
        [
          80,
          "DESIGN_CELL_CHROME"
        ],
        [
          28,
          ","
        ],
        [
          11,
          "\"border-l\""
        ],
        [
          22,
          ")"
        ],
        [
          20,
          "}"
        ],
        [
          32,
          ">"
        ],
        [
          12,
          ""
        ],
        [
          30,
          "<"
        ],
        [
          80,
          "Select"
        ],
        [
          80,
          "value"
        ],
        [
          64,
          "="
        ],
        [
          19,
          "{"
        ],
        [
          80,
          "normalizeShotStatus"
        ],
        [
          21,
          "("
        ],
        [
          80,
          "shot"
        ],
        [
          25,
          "."
        ],
        [
          80,
          "status"
        ],
        [
          22,
          ")"
        ],
        [
          20,
          "}"
        ],
        [
          80,
          "onValueChange"
        ],
        [
          64,
          "="
        ],
        [
          19,
          "{"
        ],
        [
          21,
          "("
        ],
        [
          80,
          "value"
        ],
        [
          22,
          ")"
        ],
        [
          39,
          "=>"
        ],
        [
          116,
          "void"
        ],
        [
          80,
          "patchShot"
        ],
        [
          21,
          "("
        ],
        [
          80,
          "shot"
        ],
        [
          25,
          "."
        ],
        [
          80,
          "id"
        ],
        [
          28,
          ","
        ],
        [
          19,
          "{"
        ],
        [
          80,
          "status"
        ],
        [
          59,
          ":"
        ],
        [
          80,
          "normalizeShotStatus"
        ],
        [
          21,
          "("
        ],
        [
          80,
          "value"
        ],
        [
          22,
          ")"
        ],
        [
          20,
          "}"
        ],
        [
          22,
          ")"
        ],
        [
          20,
          "}"
        ],
        [
          32,
          ">"
        ],
        [
          12,
          ""
        ],
        [
          30,
          "<"
        ],
        [
          80,
          "SelectTrigger"
        ],
        [
          80,
          "className"
        ],
        [
          64,
          "="
        ],
        [
          11,
          "\"h-8 w-full border-0 bg-transparent shadow-none focus:ring-0 focus-visible:ring-0 dark:bg-transparent dark:hover:bg-transparent\""
        ],
        [
          32,
          ">"
        ],
        [
          12,
          ""
        ],
        [
          30,
          "<"
        ],
        [
          80,
          "SelectValue"
        ],
        [
          44,
          "/"
        ],
        [
          32,
          ">"
        ],
        [
          12,
          ""
        ],
        [
          30,
          "<"
        ],
        [
          44,
          "/"
        ],
        [
          80,
          "SelectTrigger"
        ],
        [
          32,
          ">"
        ],
        [
          12,
          ""
        ],
        [
          30,
          "<"
        ],
        [
          80,
          "SelectContent"
        ],
        [
          32,
          ">"
        ],
        [
          12,
          ""
        ],
        [
          19,
          "{"
        ],
        [
          80,
          "SHOT_STATUSES"
        ],
        [
          25,
          "."
        ],
        [
          80,
          "map"
        ],
        [
          21,
          "("
        ],
        [
          21,
          "("
        ],
        [
          80,
          "status"
        ],
        [
          22,
          ")"
        ],
        [
          39,
          "=>"
        ],
        [
          21,
          "("
        ],
        [
          30,
          "<"
        ],
        [
          80,
          "SelectItem"
        ],
        [
          80,
          "key"
        ],
        [
          64,
          "="
        ],
        [
          19,
          "{"
        ],
        [
          80,
          "status"
        ],
        [
          20,
          "}"
        ],
        [
          80,
          "value"
        ],
        [
          64,
          "="
        ],
        [
          19,
          "{"
        ],
        [
          80,
          "status"
        ],
        [
          20,
          "}"
        ],
        [
          32,
          ">"
        ],
        [
          12,
          ""
        ],
        [
          19,
          "{"
        ],
        [
          80,
          "SHOT_STATUS_LABELS"
        ],
        [
          23,
          "["
        ],
        [
          80,
          "status"
        ],
        [
          24,
          "]"
        ],
        [
          20,
          "}"
        ],
        [
          12,
          ""
        ],
        [
          30,
          "<"
        ],
        [
          44,
          "/"
        ],
        [
          80,
          "SelectItem"
        ],
        [
          32,
          ">"
        ],
        [
          22,
          ")"
        ],
        [
          22,
          ")"
        ],
        [
          20,
          "}"
        ],
        [
          12,
          ""
        ],
        [
          30,
          "<"
        ],
        [
          44,
          "/"
        ],
        [
          80,
          "SelectContent"
        ],
        [
          32,
          ">"
        ],
        [
          12,
          ""
        ],
        [
          30,
          "<"
        ],
        [
          44,
          "/"
        ],
        [
          80,
          "Select"
        ],
        [
          32,
          ">"
        ],
        [
          12,
          ""
        ],
        [
          30,
          "<"
        ],
        [
          44,
          "/"
        ],
        [
          80,
          "div"
        ],
        [
          32,
          ">"
        ],
        [
          12,
          ""
        ],
        [
          19,
          "{"
        ],
        [
          80,
          "workspaceView"
        ],
        [
          37,
          "==="
        ],
        [
          11,
          "\"media\""
        ],
        [
          58,
          "?"
        ],
        [
          21,
          "("
        ],
        [
          30,
          "<"
        ],
        [
          32,
          ">"
        ],
        [
          12,
          ""
        ],
        [
          30,
          "<"
        ],
        [
          80,
          "div"
        ],
        [
          80,
          "className"
        ],
        [
          64,
          "="
        ],
        [
          19,
          "{"
        ],
        [
          80,
          "cn"
        ],
        [
          21,
          "("
        ],
        [
          80,
          "DESIGN_CELL_CHROME"
        ],
        [
          28,
          ","
        ],
        [
          11,
          "\"w-full\""
        ],
        [
          22,
          ")"
        ],
        [
          20,
          "}"
        ],
        [
          32,
          ">"
        ],
        [
          12,
          ""
        ],
        [
          30,
          "<"
        ],
        [
          80,
          "EditableGenerationSlot"
        ],
        [
          80,
          "unavailable"
        ],
        [
          64,
          "="
        ],
        [
          19,
          "{"
        ],
        [
          80,
          "unavailable"
        ],
        [
          20,
          "}"
        ],
        [
          80,
          "onEditorOpenChange"
        ],
        [
          64,
          "="
        ],
        [
          19,
          "{"
        ],
        [
          80,
          "onSlotOpenChange"
        ],
        [
          20,
          "}"
        ],
        [
          80,
          "projectId"
        ],
        [
          64,
          "="
        ],
        [
          19,
          "{"
        ],
        [
          80,
          "projectId"
        ],
        [
          20,
          "}"
        ],
        [
          80,
          "targetKey"
        ],
        [
          64,
          "="
        ],
        [
          19,
          "{"
        ],
        [
          80,
          "JSON"
        ],
        [
          25,
          "."
        ],
        [
          80,
          "stringify"
        ],
        [
          21,
          "("
        ],
        [
          23,
          "["
        ],
        [
          80,
          "projectId"
        ],
        [
          28,
          ","
        ],
        [
          11,
          "\"shot\""
        ],
        [
          28,
          ","
        ],
        [
          80,
          "shot"
        ],
        [
          25,
          "."
        ],
        [
          80,
          "id"
        ],
        [
          28,
          ","
        ],
        [
          11,
          "\"firstFrame\""
        ],
        [
          24,
          "]"
        ],
        [
          22,
          ")"
        ],
        [
          20,
          "}"
        ],
        [
          80,
          "slot"
        ],
        [
          64,
          "="
        ],
        [
          19,
          "{"
        ],
        [
          80,
          "shot"
        ],
        [
          25,
          "."
        ],
        [
          80,
          "firstFrame"
        ],
        [
          61,
          "??"
        ],
        [
          80,
          "emptySlot"
        ],
        [
          21,
          "("
        ],
        [
          22,
          ")"
        ],
        [
          20,
          "}"
        ],
        [
          80,
          "variant"
        ],
        [
          64,
          "="
        ],
        [
          11,
          "\"frame\""
        ],
        [
          80,
          "size"
        ],
        [
          64,
          "="
        ],
        [
          11,
          "\"row\""
        ],
        [
          80,
          "title"
        ],
        [
          64,
          "="
        ],
        [
          19,
          "{"
        ],
        [
          16,
          "`镜头 ${"
        ],
        [
          80,
          "shot"
        ],
        [
          25,
          "."
        ],
        [
          80,
          "shotNumber"
        ],
        [
          18,
          "} · 首帧`"
        ],
        [
          20,
          "}"
        ],
        [
          80,
          "onSave"
        ],
        [
          64,
          "="
        ],
        [
          19,
          "{"
        ],
        [
          21,
          "("
        ],
        [
          80,
          "slot"
        ],
        [
          28,
          ","
        ],
        [
          80,
          "baseline"
        ],
        [
          22,
          ")"
        ],
        [
          39,
          "=>"
        ],
        [
          80,
          "setShotSlot"
        ],
        [
          21,
          "("
        ],
        [
          80,
          "shot"
        ],
        [
          25,
          "."
        ],
        [
          80,
          "id"
        ],
        [
          28,
          ","
        ],
        [
          11,
          "\"firstFrame\""
        ],
        [
          28,
          ","
        ],
        [
          80,
          "slot"
        ],
        [
          28,
          ","
        ],
        [
          80,
          "baseline"
        ],
        [
          22,
          ")"
        ],
        [
          20,
          "}"
        ],
        [
          44,
          "/"
        ],
        [
          32,
          ">"
        ],
        [
          12,
          ""
        ],
        [
          30,
          "<"
        ],
        [
          44,
          "/"
        ],
        [
          80,
          "div"
        ],
        [
          32,
          ">"
        ],
        [
          12,
          ""
        ],
        [
          30,
          "<"
        ],
        [
          80,
          "div"
        ],
        [
          80,
          "className"
        ],
        [
          64,
          "="
        ],
        [
          19,
          "{"
        ],
        [
          80,
          "cn"
        ],
        [
          21,
          "("
        ],
        [
          80,
          "DESIGN_CELL_CHROME"
        ],
        [
          28,
          ","
        ],
        [
          11,
          "\"w-full border-l\""
        ],
        [
          22,
          ")"
        ],
        [
          20,
          "}"
        ],
        [
          32,
          ">"
        ],
        [
          12,
          ""
        ],
        [
          30,
          "<"
        ],
        [
          80,
          "EditableGenerationSlot"
        ],
        [
          80,
          "unavailable"
        ],
        [
          64,
          "="
        ],
        [
          19,
          "{"
        ],
        [
          80,
          "unavailable"
        ],
        [
          20,
          "}"
        ],
        [
          80,
          "onEditorOpenChange"
        ],
        [
          64,
          "="
        ],
        [
          19,
          "{"
        ],
        [
          80,
          "onSlotOpenChange"
        ],
        [
          20,
          "}"
        ],
        [
          80,
          "projectId"
        ],
        [
          64,
          "="
        ],
        [
          19,
          "{"
        ],
        [
          80,
          "projectId"
        ],
        [
          20,
          "}"
        ],
        [
          80,
          "targetKey"
        ],
        [
          64,
          "="
        ],
        [
          19,
          "{"
        ],
        [
          80,
          "JSON"
        ],
        [
          25,
          "."
        ],
        [
          80,
          "stringify"
        ],
        [
          21,
          "("
        ],
        [
          23,
          "["
        ],
        [
          80,
          "projectId"
        ],
        [
          28,
          ","
        ],
        [
          11,
          "\"shot\""
        ],
        [
          28,
          ","
        ],
        [
          80,
          "shot"
        ],
        [
          25,
          "."
        ],
        [
          80,
          "id"
        ],
        [
          28,
          ","
        ],
        [
          11,
          "\"lastFrame\""
        ],
        [
          24,
          "]"
        ],
        [
          22,
          ")"
        ],
        [
          20,
          "}"
        ],
        [
          80,
          "slot"
        ],
        [
          64,
          "="
        ],
        [
          19,
          "{"
        ],
        [
          80,
          "shot"
        ],
        [
          25,
          "."
        ],
        [
          80,
          "lastFrame"
        ],
        [
          61,
          "??"
        ],
        [
          80,
          "emptySlot"
        ],
        [
          21,
          "("
        ],
        [
          22,
          ")"
        ],
        [
          20,
          "}"
        ],
        [
          80,
          "variant"
        ],
        [
          64,
          "="
        ],
        [
          11,
          "\"frame\""
        ],
        [
          80,
          "size"
        ],
        [
          64,
          "="
        ],
        [
          11,
          "\"row\""
        ],
        [
          80,
          "title"
        ],
        [
          64,
          "="
        ],
        [
          19,
          "{"
        ],
        [
          16,
          "`镜头 ${"
        ],
        [
          80,
          "shot"
        ],
        [
          25,
          "."
        ],
        [
          80,
          "shotNumber"
        ],
        [
          18,
          "} · 尾帧`"
        ],
        [
          20,
          "}"
        ],
        [
          80,
          "onSave"
        ],
        [
          64,
          "="
        ],
        [
          19,
          "{"
        ],
        [
          21,
          "("
        ],
        [
          80,
          "slot"
        ],
        [
          28,
          ","
        ],
        [
          80,
          "baseline"
        ],
        [
          22,
          ")"
        ],
        [
          39,
          "=>"
        ],
        [
          80,
          "setShotSlot"
        ],
        [
          21,
          "("
        ],
        [
          80,
          "shot"
        ],
        [
          25,
          "."
        ],
        [
          80,
          "id"
        ],
        [
          28,
          ","
        ],
        [
          11,
          "\"lastFrame\""
        ],
        [
          28,
          ","
        ],
        [
          80,
          "slot"
        ],
        [
          28,
          ","
        ],
        [
          80,
          "baseline"
        ],
        [
          22,
          ")"
        ],
        [
          20,
          "}"
        ],
        [
          44,
          "/"
        ],
        [
          32,
          ">"
        ],
        [
          12,
          ""
        ],
        [
          30,
          "<"
        ],
        [
          44,
          "/"
        ],
        [
          80,
          "div"
        ],
        [
          32,
          ">"
        ],
        [
          12,
          ""
        ],
        [
          30,
          "<"
        ],
        [
          80,
          "div"
        ],
        [
          80,
          "className"
        ],
        [
          64,
          "="
        ],
        [
          19,
          "{"
        ],
        [
          80,
          "cn"
        ],
        [
          21,
          "("
        ],
        [
          80,
          "DESIGN_CELL_CHROME"
        ],
        [
          28,
          ","
        ],
        [
          11,
          "\"w-full border-l\""
        ],
        [
          22,
          ")"
        ],
        [
          20,
          "}"
        ],
        [
          32,
          ">"
        ],
        [
          12,
          ""
        ],
        [
          30,
          "<"
        ],
        [
          80,
          "EditableGenerationSlot"
        ],
        [
          80,
          "unavailable"
        ],
        [
          64,
          "="
        ],
        [
          19,
          "{"
        ],
        [
          80,
          "unavailable"
        ],
        [
          20,
          "}"
        ],
        [
          80,
          "onEditorOpenChange"
        ],
        [
          64,
          "="
        ],
        [
          19,
          "{"
        ],
        [
          80,
          "onSlotOpenChange"
        ],
        [
          20,
          "}"
        ],
        [
          80,
          "projectId"
        ],
        [
          64,
          "="
        ],
        [
          19,
          "{"
        ],
        [
          80,
          "projectId"
        ],
        [
          20,
          "}"
        ],
        [
          80,
          "targetKey"
        ],
        [
          64,
          "="
        ],
        [
          19,
          "{"
        ],
        [
          80,
          "JSON"
        ],
        [
          25,
          "."
        ],
        [
          80,
          "stringify"
        ],
        [
          21,
          "("
        ],
        [
          23,
          "["
        ],
        [
          80,
          "projectId"
        ],
        [
          28,
          ","
        ],
        [
          11,
          "\"shot\""
        ],
        [
          28,
          ","
        ],
        [
          80,
          "shot"
        ],
        [
          25,
          "."
        ],
        [
          80,
          "id"
        ],
        [
          28,
          ","
        ],
        [
          11,
          "\"clip\""
        ],
        [
          24,
          "]"
        ],
        [
          22,
          ")"
        ],
        [
          20,
          "}"
        ],
        [
          80,
          "slot"
        ],
        [
          64,
          "="
        ],
        [
          19,
          "{"
        ],
        [
          80,
          "shot"
        ],
        [
          25,
          "."
        ],
        [
          80,
          "clip"
        ],
        [
          61,
          "??"
        ],
        [
          80,
          "emptySlot"
        ],
        [
          21,
          "("
        ],
        [
          22,
          ")"
        ],
        [
          20,
          "}"
        ],
        [
          80,
          "variant"
        ],
        [
          64,
          "="
        ],
        [
          11,
          "\"clip\""
        ],
        [
          80,
          "size"
        ],
        [
          64,
          "="
        ],
        [
          11,
          "\"row\""
        ],
        [
          80,
          "title"
        ],
        [
          64,
          "="
        ],
        [
          19,
          "{"
        ],
        [
          16,
          "`镜头 ${"
        ],
        [
          80,
          "shot"
        ],
        [
          25,
          "."
        ],
        [
          80,
          "shotNumber"
        ],
        [
          18,
          "} · 成片`"
        ],
        [
          20,
          "}"
        ],
        [
          80,
          "onSave"
        ],
        [
          64,
          "="
        ],
        [
          19,
          "{"
        ],
        [
          21,
          "("
        ],
        [
          80,
          "slot"
        ],
        [
          28,
          ","
        ],
        [
          80,
          "baseline"
        ],
        [
          22,
          ")"
        ],
        [
          39,
          "=>"
        ],
        [
          80,
          "setShotSlot"
        ],
        [
          21,
          "("
        ],
        [
          80,
          "shot"
        ],
        [
          25,
          "."
        ],
        [
          80,
          "id"
        ],
        [
          28,
          ","
        ],
        [
          11,
          "\"clip\""
        ],
        [
          28,
          ","
        ],
        [
          80,
          "slot"
        ],
        [
          28,
          ","
        ],
        [
          80,
          "baseline"
        ],
        [
          22,
          ")"
        ],
        [
          20,
          "}"
        ],
        [
          44,
          "/"
        ],
        [
          32,
          ">"
        ],
        [
          12,
          ""
        ],
        [
          30,
          "<"
        ],
        [
          44,
          "/"
        ],
        [
          80,
          "div"
        ],
        [
          32,
          ">"
        ],
        [
          12,
          ""
        ],
        [
          30,
          "<"
        ],
        [
          80,
          "div"
        ],
        [
          80,
          "className"
        ],
        [
          64,
          "="
        ],
        [
          11,
          "\"flex h-full min-w-0 border-l\""
        ],
        [
          32,
          ">"
        ],
        [
          12,
          ""
        ],
        [
          30,
          "<"
        ],
        [
          80,
          "ShotTextField"
        ],
        [
          80,
          "shot"
        ],
        [
          64,
          "="
        ],
        [
          19,
          "{"
        ],
        [
          80,
          "shot"
        ],
        [
          20,
          "}"
        ],
        [
          80,
          "field"
        ],
        [
          64,
          "="
        ],
        [
          11,
          "\"content\""
        ],
        [
          80,
          "onDraftStatus"
        ],
        [
          64,
          "="
        ],
        [
          19,
          "{"
        ],
        [
          80,
          "onDraftStatus"
        ],
        [
          20,
          "}"
        ],
        [
          80,
          "unavailable"
        ],
        [
          64,
          "="
        ],
        [
          19,
          "{"
        ],
        [
          80,
          "unavailable"
        ],
        [
          20,
          "}"
        ],
        [
          80,
          "multiline"
        ],
        [
          80,
          "rows"
        ],
        [
          64,
          "="
        ],
        [
          19,
          "{"
        ],
        [
          9,
          "4"
        ],
        [
          20,
          "}"
        ],
        [
          80,
          "placeholder"
        ],
        [
          64,
          "="
        ],
        [
          11,
          "\"镜头内容\""
        ],
        [
          80,
          "ariaLabel"
        ],
        [
          64,
          "="
        ],
        [
          11,
          "\"镜头内容\""
        ],
        [
          80,
          "containerClassName"
        ],
        [
          64,
          "="
        ],
        [
          11,
          "\"flex h-full w-full min-w-0 flex-col px-2 py-3\""
        ],
        [
          80,
          "className"
        ],
        [
          64,
          "="
        ],
        [
          11,
          "\"h-full w-full min-w-0 resize-none border-0 bg-transparent shadow-none field-sizing-fixed\""
        ],
        [
          44,
          "/"
        ],
        [
          32,
          ">"
        ],
        [
          12,
          ""
        ],
        [
          30,
          "<"
        ],
        [
          44,
          "/"
        ],
        [
          80,
          "div"
        ],
        [
          32,
          ">"
        ],
        [
          12,
          ""
        ],
        [
          30,
          "<"
        ],
        [
          44,
          "/"
        ],
        [
          32,
          ">"
        ],
        [
          22,
          ")"
        ],
        [
          59,
          ":"
        ],
        [
          80,
          "visibleDefs"
        ],
        [
          25,
          "."
        ],
        [
          80,
          "map"
        ],
        [
          21,
          "("
        ],
        [
          21,
          "("
        ],
        [
          19,
          "{"
        ],
        [
          80,
          "id"
        ],
        [
          20,
          "}"
        ],
        [
          22,
          ")"
        ],
        [
          39,
          "=>"
        ],
        [
          21,
          "("
        ],
        [
          30,
          "<"
        ],
        [
          80,
          "div"
        ],
        [
          80,
          "key"
        ],
        [
          64,
          "="
        ],
        [
          19,
          "{"
        ],
        [
          80,
          "id"
        ],
        [
          20,
          "}"
        ],
        [
          80,
          "className"
        ],
        [
          64,
          "="
        ],
        [
          11,
          "\"flex h-full min-h-0 min-w-0 border-l\""
        ],
        [
          32,
          ">"
        ],
        [
          12,
          ""
        ],
        [
          19,
          "{"
        ],
        [
          80,
          "id"
        ],
        [
          37,
          "==="
        ],
        [
          11,
          "\"durationSec\""
        ],
        [
          58,
          "?"
        ],
        [
          21,
          "("
        ],
        [
          30,
          "<"
        ],
        [
          80,
          "div"
        ],
        [
          80,
          "className"
        ],
        [
          64,
          "="
        ],
        [
          19,
          "{"
        ],
        [
          80,
          "cn"
        ],
        [
          21,
          "("
        ],
        [
          80,
          "DESIGN_CELL_CHROME"
        ],
        [
          28,
          ","
        ],
        [
          11,
          "\"w-full\""
        ],
        [
          22,
          ")"
        ],
        [
          20,
          "}"
        ],
        [
          32,
          ">"
        ],
        [
          12,
          ""
        ],
        [
          30,
          "<"
        ],
        [
          80,
          "DurationInput"
        ],
        [
          80,
          "projectId"
        ],
        [
          64,
          "="
        ],
        [
          19,
          "{"
        ],
        [
          80,
          "projectId"
        ],
        [
          20,
          "}"
        ],
        [
          80,
          "shotId"
        ],
        [
          64,
          "="
        ],
        [
          19,
          "{"
        ],
        [
          80,
          "shot"
        ],
        [
          25,
          "."
        ],
        [
          80,
          "id"
        ],
        [
          20,
          "}"
        ],
        [
          80,
          "value"
        ],
        [
          64,
          "="
        ],
        [
          19,
          "{"
        ],
        [
          80,
          "shot"
        ],
        [
          25,
          "."
        ],
        [
          80,
          "durationSec"
        ],
        [
          20,
          "}"
        ],
        [
          44,
          "/"
        ],
        [
          32,
          ">"
        ],
        [
          12,
          ""
        ],
        [
          30,
          "<"
        ],
        [
          44,
          "/"
        ],
        [
          80,
          "div"
        ],
        [
          32,
          ">"
        ],
        [
          22,
          ")"
        ],
        [
          59,
          ":"
        ],
        [
          80,
          "id"
        ],
        [
          37,
          "==="
        ],
        [
          11,
          "\"characters\""
        ],
        [
          58,
          "?"
        ],
        [
          21,
          "("
        ],
        [
          30,
          "<"
        ],
        [
          80,
          "DropdownMenu"
        ],
        [
          80,
          "onOpenChange"
        ],
        [
          64,
          "="
        ],
        [
          19,
          "{"
        ],
        [
          21,
          "("
        ],
        [
          80,
          "open"
        ],
        [
          22,
          ")"
        ],
        [
          39,
          "=>"
        ],
        [
          19,
          "{"
        ],
        [
          101,
          "if"
        ],
        [
          21,
          "("
        ],
        [
          80,
          "open"
        ],
        [
          22,
          ")"
        ],
        [
          80,
          "onActivate"
        ],
        [
          21,
          "("
        ],
        [
          22,
          ")"
        ],
        [
          27,
          ";"
        ],
        [
          20,
          "}"
        ],
        [
          20,
          "}"
        ],
        [
          32,
          ">"
        ],
        [
          12,
          ""
        ],
        [
          30,
          "<"
        ],
        [
          80,
          "DropdownMenuTrigger"
        ],
        [
          80,
          "asChild"
        ],
        [
          32,
          ">"
        ],
        [
          12,
          ""
        ],
        [
          30,
          "<"
        ],
        [
          80,
          "button"
        ],
        [
          80,
          "type"
        ],
        [
          64,
          "="
        ],
        [
          11,
          "\"button\""
        ],
        [
          80,
          "aria-label"
        ],
        [
          64,
          "="
        ],
        [
          11,
          "\"选择角色\""
        ],
        [
          80,
          "className"
        ],
        [
          64,
          "="
        ],
        [
          19,
          "{"
        ],
        [
          80,
          "cn"
        ],
        [
          21,
          "("
        ],
        [
          80,
          "FLUSH_SELECT_TRIGGER"
        ],
        [
          28,
          ","
        ],
        [
          11,
          "\"[&_svg]:pointer-events-none [&_svg]:shrink-0\""
        ],
        [
          28,
          ","
        ],
        [
          22,
          ")"
        ],
        [
          20,
          "}"
        ],
        [
          32,
          ">"
        ],
        [
          12,
          ""
        ],
        [
          30,
          "<"
        ],
        [
          80,
          "span"
        ],
        [
          80,
          "className"
        ],
        [
          64,
          "="
        ],
        [
          11,
          "\"flex min-w-0 flex-1 flex-col items-center justify-center gap-0.5\""
        ],
        [
          32,
          ">"
        ],
        [
          12,
          ""
        ],
        [
          19,
          "{"
        ],
        [
          80,
          "characters"
        ],
        [
          25,
          "."
        ],
        [
          80,
          "length"
        ],
        [
          37,
          "==="
        ],
        [
          9,
          "0"
        ],
        [
          58,
          "?"
        ],
        [
          21,
          "("
        ],
        [
          30,
          "<"
        ],
        [
          80,
          "span"
        ],
        [
          80,
          "className"
        ],
        [
          64,
          "="
        ],
        [
          11,
          "\"text-muted-foreground text-sm\""
        ],
        [
          32,
          ">"
        ],
        [
          12,
          "先在世界里添加角色"
        ],
        [
          30,
          "<"
        ],
        [
          44,
          "/"
        ],
        [
          80,
          "span"
        ],
        [
          32,
          ">"
        ],
        [
          22,
          ")"
        ],
        [
          59,
          ":"
        ],
        [
          80,
          "selectedCharacters"
        ],
        [
          25,
          "."
        ],
        [
          80,
          "length"
        ],
        [
          37,
          "==="
        ],
        [
          9,
          "0"
        ],
        [
          58,
          "?"
        ],
        [
          21,
          "("
        ],
        [
          30,
          "<"
        ],
        [
          80,
          "span"
        ],
        [
          80,
          "className"
        ],
        [
          64,
          "="
        ],
        [
          11,
          "\"text-muted-foreground text-sm\""
        ],
        [
          32,
          ">"
        ],
        [
          12,
          ""
        ],
        [
          19,
          "{"
        ],
        [
          80,
          "columnPlaceholder"
        ],
        [
          21,
          "("
        ],
        [
          11,
          "\"characters\""
        ],
        [
          22,
          ")"
        ],
        [
          20,
          "}"
        ],
        [
          12,
          ""
        ],
        [
          30,
          "<"
        ],
        [
          44,
          "/"
        ],
        [
          80,
          "span"
        ],
        [
          32,
          ">"
        ],
        [
          22,
          ")"
        ],
        [
          59,
          ":"
        ],
        [
          80,
          "selectedCharacters"
        ],
        [
          25,
          "."
        ],
        [
          80,
          "length"
        ],
        [
          37,
          "==="
        ],
        [
          9,
          "1"
        ],
        [
          58,
          "?"
        ],
        [
          21,
          "("
        ],
        [
          30,
          "<"
        ],
        [
          32,
          ">"
        ],
        [
          12,
          ""
        ],
        [
          30,
          "<"
        ],
        [
          80,
          "AssetStill"
        ],
        [
          80,
          "mediaId"
        ],
        [
          64,
          "="
        ],
        [
          19,
          "{"
        ],
        [
          80,
          "coverMediaId"
        ],
        [
          21,
          "("
        ],
        [
          80,
          "selectedCharacters"
        ],
        [
          23,
          "["
        ],
        [
          9,
          "0"
        ],
        [
          24,
          "]"
        ],
        [
          25,
          "."
        ],
        [
          80,
          "slots"
        ],
        [
          28,
          ","
        ],
        [
          23,
          "["
        ],
        [
          11,
          "\"front\""
        ],
        [
          24,
          "]"
        ],
        [
          22,
          ")"
        ],
        [
          20,
          "}"
        ],
        [
          80,
          "title"
        ],
        [
          64,
          "="
        ],
        [
          19,
          "{"
        ],
        [
          80,
          "selectedCharacters"
        ],
        [
          23,
          "["
        ],
        [
          9,
          "0"
        ],
        [
          24,
          "]"
        ],
        [
          25,
          "."
        ],
        [
          80,
          "name"
        ],
        [
          20,
          "}"
        ],
        [
          80,
          "className"
        ],
        [
          64,
          "="
        ],
        [
          11,
          "\"size-16\""
        ],
        [
          44,
          "/"
        ],
        [
          32,
          ">"
        ],
        [
          12,
          ""
        ],
        [
          30,
          "<"
        ],
        [
          80,
          "span"
        ],
        [
          80,
          "title"
        ],
        [
          64,
          "="
        ],
        [
          19,
          "{"
        ],
        [
          80,
          "selectedCharacters"
        ],
        [
          23,
          "["
        ],
        [
          9,
          "0"
        ],
        [
          24,
          "]"
        ],
        [
          25,
          "."
        ],
        [
          80,
          "name"
        ],
        [
          20,
          "}"
        ],
        [
          80,
          "className"
        ],
        [
          64,
          "="
        ],
        [
          11,
          "\"text-muted-foreground max-w-full truncate text-center text-[10px] leading-none\""
        ],
        [
          32,
          ">"
        ],
        [
          12,
          ""
        ],
        [
          19,
          "{"
        ],
        [
          80,
          "selectedCharacters"
        ],
        [
          23,
          "["
        ],
        [
          9,
          "0"
        ],
        [
          24,
          "]"
        ],
        [
          25,
          "."
        ],
        [
          80,
          "name"
        ],
        [
          20,
          "}"
        ],
        [
          12,
          ""
        ],
        [
          30,
          "<"
        ],
        [
          44,
          "/"
        ],
        [
          80,
          "span"
        ],
        [
          32,
          ">"
        ],
        [
          12,
          ""
        ],
        [
          30,
          "<"
        ],
        [
          44,
          "/"
        ],
        [
          32,
          ">"
        ],
        [
          22,
          ")"
        ],
        [
          59,
          ":"
        ],
        [
          21,
          "("
        ],
        [
          30,
          "<"
        ],
        [
          32,
          ">"
        ],
        [
          12,
          ""
        ],
        [
          30,
          "<"
        ],
        [
          80,
          "AssetStill"
        ],
        [
          80,
          "mediaId"
        ],
        [
          64,
          "="
        ],
        [
          19,
          "{"
        ],
        [
          80,
          "coverMediaId"
        ],
        [
          21,
          "("
        ],
        [
          80,
          "selectedCharacters"
        ],
        [
          23,
          "["
        ],
        [
          9,
          "0"
        ],
        [
          24,
          "]"
        ],
        [
          25,
          "."
        ],
        [
          80,
          "slots"
        ],
        [
          28,
          ","
        ],
        [
          23,
          "["
        ],
        [
          11,
          "\"front\""
        ],
        [
          24,
          "]"
        ],
        [
          22,
          ")"
        ],
        [
          20,
          "}"
        ],
        [
          80,
          "title"
        ],
        [
          64,
          "="
        ],
        [
          19,
          "{"
        ],
        [
          80,
          "selectedCharacters"
        ],
        [
          23,
          "["
        ],
        [
          9,
          "0"
        ],
        [
          24,
          "]"
        ],
        [
          25,
          "."
        ],
        [
          80,
          "name"
        ],
        [
          20,
          "}"
        ],
        [
          80,
          "className"
        ],
        [
          64,
          "="
        ],
        [
          11,
          "\"size-16\""
        ],
        [
          44,
          "/"
        ],
        [
          32,
          ">"
        ],
        [
          12,
          ""
        ],
        [
          30,
          "<"
        ],
        [
          80,
          "span"
        ],
        [
          80,
          "title"
        ],
        [
          64,
          "="
        ],
        [
          19,
          "{"
        ],
        [
          80,
          "selectedCharacters"
        ],
        [
          25,
          "."
        ],
        [
          80,
          "map"
        ],
        [
          21,
          "("
        ],
        [
          21,
          "("
        ],
        [
          80,
          "c"
        ],
        [
          22,
          ")"
        ],
        [
          39,
          "=>"
        ],
        [
          80,
          "c"
        ],
        [
          25,
          "."
        ],
        [
          80,
          "name"
        ],
        [
          22,
          ")"
        ],
        [
          25,
          "."
        ],
        [
          80,
          "join"
        ],
        [
          21,
          "("
        ],
        [
          11,
          "\"、\""
        ],
        [
          22,
          ")"
        ],
        [
          20,
          "}"
        ],
        [
          80,
          "className"
        ],
        [
          64,
          "="
        ],
        [
          11,
          "\"text-muted-foreground max-w-full truncate text-center text-[10px] leading-none\""
        ],
        [
          32,
          ">"
        ],
        [
          12,
          "角色 · "
        ],
        [
          19,
          "{"
        ],
        [
          80,
          "selectedCharacters"
        ],
        [
          25,
          "."
        ],
        [
          80,
          "length"
        ],
        [
          20,
          "}"
        ],
        [
          12,
          ""
        ],
        [
          30,
          "<"
        ],
        [
          44,
          "/"
        ],
        [
          80,
          "span"
        ],
        [
          32,
          ">"
        ],
        [
          12,
          ""
        ],
        [
          30,
          "<"
        ],
        [
          44,
          "/"
        ],
        [
          32,
          ">"
        ],
        [
          22,
          ")"
        ],
        [
          20,
          "}"
        ],
        [
          12,
          ""
        ],
        [
          30,
          "<"
        ],
        [
          44,
          "/"
        ],
        [
          80,
          "span"
        ],
        [
          32,
          ">"
        ],
        [
          12,
          ""
        ],
        [
          30,
          "<"
        ],
        [
          80,
          "ChevronDown"
        ],
        [
          80,
          "className"
        ],
        [
          64,
          "="
        ],
        [
          11,
          "\"size-4 opacity-50\""
        ],
        [
          44,
          "/"
        ],
        [
          32,
          ">"
        ],
        [
          12,
          ""
        ],
        [
          30,
          "<"
        ],
        [
          44,
          "/"
        ],
        [
          80,
          "button"
        ],
        [
          32,
          ">"
        ],
        [
          12,
          ""
        ],
        [
          30,
          "<"
        ],
        [
          44,
          "/"
        ],
        [
          80,
          "DropdownMenuTrigger"
        ],
        [
          32,
          ">"
        ],
        [
          12,
          ""
        ],
        [
          30,
          "<"
        ],
        [
          80,
          "DropdownMenuContent"
        ],
        [
          80,
          "align"
        ],
        [
          64,
          "="
        ],
        [
          11,
          "\"start\""
        ],
        [
          80,
          "className"
        ],
        [
          64,
          "="
        ],
        [
          11,
          "\"w-56\""
        ],
        [
          32,
          ">"
        ],
        [
          12,
          ""
        ],
        [
          19,
          "{"
        ],
        [
          80,
          "characters"
        ],
        [
          25,
          "."
        ],
        [
          80,
          "length"
        ],
        [
          37,
          "==="
        ],
        [
          9,
          "0"
        ],
        [
          58,
          "?"
        ],
        [
          21,
          "("
        ],
        [
          30,
          "<"
        ],
        [
          80,
          "DropdownMenuItem"
        ],
        [
          80,
          "disabled"
        ],
        [
          32,
          ">"
        ],
        [
          12,
          "先在世界里添加角色"
        ],
        [
          30,
          "<"
        ],
        [
          44,
          "/"
        ],
        [
          80,
          "DropdownMenuItem"
        ],
        [
          32,
          ">"
        ],
        [
          22,
          ")"
        ],
        [
          59,
          ":"
        ],
        [
          21,
          "("
        ],
        [
          30,
          "<"
        ],
        [
          32,
          ">"
        ],
        [
          12,
          ""
        ],
        [
          30,
          "<"
        ],
        [
          80,
          "DropdownMenuItem"
        ],
        [
          80,
          "disabled"
        ],
        [
          64,
          "="
        ],
        [
          19,
          "{"
        ],
        [
          80,
          "selectedCharacters"
        ],
        [
          25,
          "."
        ],
        [
          80,
          "length"
        ],
        [
          37,
          "==="
        ],
        [
          9,
          "0"
        ],
        [
          20,
          "}"
        ],
        [
          80,
          "onSelect"
        ],
        [
          64,
          "="
        ],
        [
          19,
          "{"
        ],
        [
          21,
          "("
        ],
        [
          80,
          "event"
        ],
        [
          22,
          ")"
        ],
        [
          39,
          "=>"
        ],
        [
          19,
          "{"
        ],
        [
          80,
          "event"
        ],
        [
          25,
          "."
        ],
        [
          80,
          "preventDefault"
        ],
        [
          21,
          "("
        ],
        [
          22,
          ")"
        ],
        [
          27,
          ";"
        ],
        [
          80,
          "onActivate"
        ],
        [
          21,
          "("
        ],
        [
          22,
          ")"
        ],
        [
          27,
          ";"
        ],
        [
          116,
          "void"
        ],
        [
          80,
          "patchShot"
        ],
        [
          21,
          "("
        ],
        [
          80,
          "shot"
        ],
        [
          25,
          "."
        ],
        [
          80,
          "id"
        ],
        [
          28,
          ","
        ],
        [
          19,
          "{"
        ],
        [
          80,
          "characterIds"
        ],
        [
          59,
          ":"
        ],
        [
          23,
          "["
        ],
        [
          24,
          "]"
        ],
        [
          20,
          "}"
        ],
        [
          22,
          ")"
        ],
        [
          27,
          ";"
        ],
        [
          20,
          "}"
        ],
        [
          20,
          "}"
        ],
        [
          32,
          ">"
        ],
        [
          12,
          "清除\n                                                "
        ],
        [
          30,
          "<"
        ],
        [
          44,
          "/"
        ],
        [
          80,
          "DropdownMenuItem"
        ],
        [
          32,
          ">"
        ],
        [
          12,
          ""
        ],
        [
          30,
          "<"
        ],
        [
          80,
          "DropdownMenuSeparator"
        ],
        [
          44,
          "/"
        ],
        [
          32,
          ">"
        ],
        [
          12,
          ""
        ],
        [
          19,
          "{"
        ],
        [
          80,
          "characters"
        ],
        [
          25,
          "."
        ],
        [
          80,
          "map"
        ],
        [
          21,
          "("
        ],
        [
          21,
          "("
        ],
        [
          80,
          "character"
        ],
        [
          22,
          ")"
        ],
        [
          39,
          "=>"
        ],
        [
          19,
          "{"
        ],
        [
          87,
          "const"
        ],
        [
          80,
          "selectedChar"
        ],
        [
          64,
          "="
        ],
        [
          80,
          "shot"
        ],
        [
          25,
          "."
        ],
        [
          80,
          "characterIds"
        ],
        [
          25,
          "."
        ],
        [
          80,
          "includes"
        ],
        [
          21,
          "("
        ],
        [
          80,
          "character"
        ],
        [
          25,
          "."
        ],
        [
          80,
          "id"
        ],
        [
          22,
          ")"
        ],
        [
          27,
          ";"
        ],
        [
          107,
          "return"
        ],
        [
          21,
          "("
        ],
        [
          30,
          "<"
        ],
        [
          80,
          "DropdownMenuCheckboxItem"
        ],
        [
          80,
          "key"
        ],
        [
          64,
          "="
        ],
        [
          19,
          "{"
        ],
        [
          80,
          "character"
        ],
        [
          25,
          "."
        ],
        [
          80,
          "id"
        ],
        [
          20,
          "}"
        ],
        [
          80,
          "checked"
        ],
        [
          64,
          "="
        ],
        [
          19,
          "{"
        ],
        [
          80,
          "selectedChar"
        ],
        [
          20,
          "}"
        ],
        [
          80,
          "onSelect"
        ],
        [
          64,
          "="
        ],
        [
          19,
          "{"
        ],
        [
          21,
          "("
        ],
        [
          80,
          "event"
        ],
        [
          22,
          ")"
        ],
        [
          39,
          "=>"
        ],
        [
          80,
          "event"
        ],
        [
          25,
          "."
        ],
        [
          80,
          "preventDefault"
        ],
        [
          21,
          "("
        ],
        [
          22,
          ")"
        ],
        [
          20,
          "}"
        ],
        [
          80,
          "onCheckedChange"
        ],
        [
          64,
          "="
        ],
        [
          19,
          "{"
        ],
        [
          21,
          "("
        ],
        [
          80,
          "checked"
        ],
        [
          22,
          ")"
        ],
        [
          39,
          "=>"
        ],
        [
          19,
          "{"
        ],
        [
          80,
          "onActivate"
        ],
        [
          21,
          "("
        ],
        [
          22,
          ")"
        ],
        [
          27,
          ";"
        ],
        [
          116,
          "void"
        ],
        [
          80,
          "setShotCharacterSelected"
        ],
        [
          21,
          "("
        ],
        [
          80,
          "shot"
        ],
        [
          25,
          "."
        ],
        [
          80,
          "id"
        ],
        [
          28,
          ","
        ],
        [
          80,
          "character"
        ],
        [
          25,
          "."
        ],
        [
          80,
          "id"
        ],
        [
          28,
          ","
        ],
        [
          80,
          "checked"
        ],
        [
          37,
          "==="
        ],
        [
          112,
          "true"
        ],
        [
          22,
          ")"
        ],
        [
          25,
          "."
        ],
        [
          80,
          "catch"
        ],
        [
          21,
          "("
        ],
        [
          21,
          "("
        ],
        [
          22,
          ")"
        ],
        [
          39,
          "=>"
        ],
        [
          80,
          "toast"
        ],
        [
          25,
          "."
        ],
        [
          80,
          "error"
        ],
        [
          21,
          "("
        ],
        [
          11,
          "\"保存角色失败，请重试\""
        ],
        [
          22,
          ")"
        ],
        [
          22,
          ")"
        ],
        [
          27,
          ";"
        ],
        [
          20,
          "}"
        ],
        [
          20,
          "}"
        ],
        [
          32,
          ">"
        ],
        [
          12,
          ""
        ],
        [
          30,
          "<"
        ],
        [
          80,
          "AssetStill"
        ],
        [
          80,
          "mediaId"
        ],
        [
          64,
          "="
        ],
        [
          19,
          "{"
        ],
        [
          80,
          "coverMediaId"
        ],
        [
          21,
          "("
        ],
        [
          80,
          "character"
        ],
        [
          25,
          "."
        ],
        [
          80,
          "slots"
        ],
        [
          28,
          ","
        ],
        [
          23,
          "["
        ],
        [
          11,
          "\"front\""
        ],
        [
          24,
          "]"
        ],
        [
          22,
          ")"
        ],
        [
          20,
          "}"
        ],
        [
          80,
          "title"
        ],
        [
          64,
          "="
        ],
        [
          19,
          "{"
        ],
        [
          80,
          "character"
        ],
        [
          25,
          "."
        ],
        [
          80,
          "name"
        ],
        [
          20,
          "}"
        ],
        [
          80,
          "className"
        ],
        [
          64,
          "="
        ],
        [
          11,
          "\"size-8\""
        ],
        [
          44,
          "/"
        ],
        [
          32,
          ">"
        ],
        [
          12,
          ""
        ],
        [
          30,
          "<"
        ],
        [
          80,
          "span"
        ],
        [
          80,
          "className"
        ],
        [
          64,
          "="
        ],
        [
          11,
          "\"truncate\""
        ],
        [
          32,
          ">"
        ],
        [
          19,
          "{"
        ],
        [
          80,
          "character"
        ],
        [
          25,
          "."
        ],
        [
          80,
          "name"
        ],
        [
          20,
          "}"
        ],
        [
          30,
          "<"
        ],
        [
          44,
          "/"
        ],
        [
          80,
          "span"
        ],
        [
          32,
          ">"
        ],
        [
          12,
          ""
        ],
        [
          30,
          "<"
        ],
        [
          44,
          "/"
        ],
        [
          80,
          "DropdownMenuCheckboxItem"
        ],
        [
          32,
          ">"
        ],
        [
          22,
          ")"
        ],
        [
          27,
          ";"
        ],
        [
          20,
          "}"
        ],
        [
          22,
          ")"
        ],
        [
          20,
          "}"
        ],
        [
          12,
          ""
        ],
        [
          30,
          "<"
        ],
        [
          44,
          "/"
        ],
        [
          32,
          ">"
        ],
        [
          22,
          ")"
        ],
        [
          20,
          "}"
        ],
        [
          12,
          ""
        ],
        [
          30,
          "<"
        ],
        [
          44,
          "/"
        ],
        [
          80,
          "DropdownMenuContent"
        ],
        [
          32,
          ">"
        ],
        [
          12,
          ""
        ],
        [
          30,
          "<"
        ],
        [
          44,
          "/"
        ],
        [
          80,
          "DropdownMenu"
        ],
        [
          32,
          ">"
        ],
        [
          22,
          ")"
        ],
        [
          59,
          ":"
        ],
        [
          80,
          "id"
        ],
        [
          37,
          "==="
        ],
        [
          11,
          "\"scene\""
        ],
        [
          58,
          "?"
        ],
        [
          21,
          "("
        ],
        [
          30,
          "<"
        ],
        [
          80,
          "Select"
        ],
        [
          80,
          "value"
        ],
        [
          64,
          "="
        ],
        [
          19,
          "{"
        ],
        [
          80,
          "shot"
        ],
        [
          25,
          "."
        ],
        [
          80,
          "sceneId"
        ],
        [
          61,
          "??"
        ],
        [
          11,
          "\"none\""
        ],
        [
          20,
          "}"
        ],
        [
          80,
          "onValueChange"
        ],
        [
          64,
          "="
        ],
        [
          19,
          "{"
        ],
        [
          21,
          "("
        ],
        [
          80,
          "value"
        ],
        [
          22,
          ")"
        ],
        [
          39,
          "=>"
        ],
        [
          116,
          "void"
        ],
        [
          80,
          "patchShot"
        ],
        [
          21,
          "("
        ],
        [
          80,
          "shot"
        ],
        [
          25,
          "."
        ],
        [
          80,
          "id"
        ],
        [
          28,
          ","
        ],
        [
          19,
          "{"
        ],
        [
          80,
          "sceneId"
        ],
        [
          59,
          ":"
        ],
        [
          80,
          "value"
        ],
        [
          37,
          "==="
        ],
        [
          11,
          "\"none\""
        ],
        [
          58,
          "?"
        ],
        [
          80,
          "undefined"
        ],
        [
          59,
          ":"
        ],
        [
          80,
          "value"
        ],
        [
          28,
          ","
        ],
        [
          20,
          "}"
        ],
        [
          22,
          ")"
        ],
        [
          20,
          "}"
        ],
        [
          80,
          "onOpenChange"
        ],
        [
          64,
          "="
        ],
        [
          19,
          "{"
        ],
        [
          21,
          "("
        ],
        [
          80,
          "open"
        ],
        [
          22,
          ")"
        ],
        [
          39,
          "=>"
        ],
        [
          19,
          "{"
        ],
        [
          101,
          "if"
        ],
        [
          21,
          "("
        ],
        [
          80,
          "open"
        ],
        [
          22,
          ")"
        ],
        [
          80,
          "onActivate"
        ],
        [
          21,
          "("
        ],
        [
          22,
          ")"
        ],
        [
          27,
          ";"
        ],
        [
          20,
          "}"
        ],
        [
          20,
          "}"
        ],
        [
          32,
          ">"
        ],
        [
          12,
          ""
        ],
        [
          30,
          "<"
        ],
        [
          80,
          "SelectTrigger"
        ],
        [
          80,
          "className"
        ],
        [
          64,
          "="
        ],
        [
          19,
          "{"
        ],
        [
          80,
          "FLUSH_SELECT_TRIGGER"
        ],
        [
          20,
          "}"
        ],
        [
          32,
          ">"
        ],
        [
          12,
          ""
        ],
        [
          30,
          "<"
        ],
        [
          80,
          "span"
        ],
        [
          80,
          "className"
        ],
        [
          64,
          "="
        ],
        [
          11,
          "\"flex min-w-0 flex-1 flex-col items-center justify-center gap-0.5\""
        ],
        [
          32,
          ">"
        ],
        [
          12,
          ""
        ],
        [
          19,
          "{"
        ],
        [
          80,
          "selectedScene"
        ],
        [
          58,
          "?"
        ],
        [
          21,
          "("
        ],
        [
          30,
          "<"
        ],
        [
          32,
          ">"
        ],
        [
          12,
          ""
        ],
        [
          30,
          "<"
        ],
        [
          80,
          "AssetStill"
        ],
        [
          80,
          "mediaId"
        ],
        [
          64,
          "="
        ],
        [
          19,
          "{"
        ],
        [
          80,
          "coverMediaId"
        ],
        [
          21,
          "("
        ],
        [
          80,
          "selectedScene"
        ],
        [
          25,
          "."
        ],
        [
          80,
          "slots"
        ],
        [
          28,
          ","
        ],
        [
          23,
          "["
        ],
        [
          11,
          "\"wide\""
        ],
        [
          24,
          "]"
        ],
        [
          22,
          ")"
        ],
        [
          20,
          "}"
        ],
        [
          80,
          "title"
        ],
        [
          64,
          "="
        ],
        [
          19,
          "{"
        ],
        [
          80,
          "selectedScene"
        ],
        [
          25,
          "."
        ],
        [
          80,
          "name"
        ],
        [
          20,
          "}"
        ],
        [
          80,
          "className"
        ],
        [
          64,
          "="
        ],
        [
          11,
          "\"size-16\""
        ],
        [
          44,
          "/"
        ],
        [
          32,
          ">"
        ],
        [
          12,
          ""
        ],
        [
          30,
          "<"
        ],
        [
          80,
          "span"
        ],
        [
          80,
          "title"
        ],
        [
          64,
          "="
        ],
        [
          19,
          "{"
        ],
        [
          80,
          "selectedScene"
        ],
        [
          25,
          "."
        ],
        [
          80,
          "name"
        ],
        [
          20,
          "}"
        ],
        [
          80,
          "className"
        ],
        [
          64,
          "="
        ],
        [
          11,
          "\"text-muted-foreground max-w-full truncate text-center text-[10px] leading-none\""
        ],
        [
          32,
          ">"
        ],
        [
          12,
          ""
        ],
        [
          19,
          "{"
        ],
        [
          80,
          "selectedScene"
        ],
        [
          25,
          "."
        ],
        [
          80,
          "name"
        ],
        [
          20,
          "}"
        ],
        [
          12,
          ""
        ],
        [
          30,
          "<"
        ],
        [
          44,
          "/"
        ],
        [
          80,
          "span"
        ],
        [
          32,
          ">"
        ],
        [
          12,
          ""
        ],
        [
          30,
          "<"
        ],
        [
          44,
          "/"
        ],
        [
          32,
          ">"
        ],
        [
          22,
          ")"
        ],
        [
          59,
          ":"
        ],
        [
          21,
          "("
        ],
        [
          30,
          "<"
        ],
        [
          80,
          "span"
        ],
        [
          80,
          "className"
        ],
        [
          64,
          "="
        ],
        [
          11,
          "\"text-muted-foreground text-sm\""
        ],
        [
          32,
          ">"
        ],
        [
          12,
          ""
        ],
        [
          19,
          "{"
        ],
        [
          80,
          "columnPlaceholder"
        ],
        [
          21,
          "("
        ],
        [
          11,
          "\"scene\""
        ],
        [
          22,
          ")"
        ],
        [
          20,
          "}"
        ],
        [
          12,
          ""
        ],
        [
          30,
          "<"
        ],
        [
          44,
          "/"
        ],
        [
          80,
          "span"
        ],
        [
          32,
          ">"
        ],
        [
          22,
          ")"
        ],
        [
          20,
          "}"
        ],
        [
          12,
          ""
        ],
        [
          30,
          "<"
        ],
        [
          44,
          "/"
        ],
        [
          80,
          "span"
        ],
        [
          32,
          ">"
        ],
        [
          12,
          ""
        ],
        [
          30,
          "<"
        ],
        [
          44,
          "/"
        ],
        [
          80,
          "SelectTrigger"
        ],
        [
          32,
          ">"
        ],
        [
          12,
          ""
        ],
        [
          30,
          "<"
        ],
        [
          80,
          "SelectContent"
        ],
        [
          32,
          ">"
        ],
        [
          12,
          ""
        ],
        [
          30,
          "<"
        ],
        [
          80,
          "SelectItem"
        ],
        [
          80,
          "value"
        ],
        [
          64,
          "="
        ],
        [
          11,
          "\"none\""
        ],
        [
          32,
          ">"
        ],
        [
          12,
          "未选择场景"
        ],
        [
          30,
          "<"
        ],
        [
          44,
          "/"
        ],
        [
          80,
          "SelectItem"
        ],
        [
          32,
          ">"
        ],
        [
          12,
          ""
        ],
        [
          19,
          "{"
        ],
        [
          80,
          "scenes"
        ],
        [
          25,
          "."
        ],
        [
          80,
          "map"
        ],
        [
          21,
          "("
        ],
        [
          21,
          "("
        ],
        [
          80,
          "scene"
        ],
        [
          22,
          ")"
        ],
        [
          39,
          "=>"
        ],
        [
          21,
          "("
        ],
        [
          30,
          "<"
        ],
        [
          80,
          "SelectItem"
        ],
        [
          80,
          "key"
        ],
        [
          64,
          "="
        ],
        [
          19,
          "{"
        ],
        [
          80,
          "scene"
        ],
        [
          25,
          "."
        ],
        [
          80,
          "id"
        ],
        [
          20,
          "}"
        ],
        [
          80,
          "value"
        ],
        [
          64,
          "="
        ],
        [
          19,
          "{"
        ],
        [
          80,
          "scene"
        ],
        [
          25,
          "."
        ],
        [
          80,
          "id"
        ],
        [
          20,
          "}"
        ],
        [
          32,
          ">"
        ],
        [
          12,
          ""
        ],
        [
          30,
          "<"
        ],
        [
          80,
          "AssetStill"
        ],
        [
          80,
          "mediaId"
        ],
        [
          64,
          "="
        ],
        [
          19,
          "{"
        ],
        [
          80,
          "coverMediaId"
        ],
        [
          21,
          "("
        ],
        [
          80,
          "scene"
        ],
        [
          25,
          "."
        ],
        [
          80,
          "slots"
        ],
        [
          28,
          ","
        ],
        [
          23,
          "["
        ],
        [
          11,
          "\"wide\""
        ],
        [
          24,
          "]"
        ],
        [
          22,
          ")"
        ],
        [
          20,
          "}"
        ],
        [
          80,
          "title"
        ],
        [
          64,
          "="
        ],
        [
          19,
          "{"
        ],
        [
          80,
          "scene"
        ],
        [
          25,
          "."
        ],
        [
          80,
          "name"
        ],
        [
          20,
          "}"
        ],
        [
          80,
          "className"
        ],
        [
          64,
          "="
        ],
        [
          11,
          "\"size-8\""
        ],
        [
          44,
          "/"
        ],
        [
          32,
          ">"
        ],
        [
          12,
          ""
        ],
        [
          30,
          "<"
        ],
        [
          80,
          "span"
        ],
        [
          80,
          "className"
        ],
        [
          64,
          "="
        ],
        [
          11,
          "\"truncate\""
        ],
        [
          32,
          ">"
        ],
        [
          19,
          "{"
        ],
        [
          80,
          "scene"
        ],
        [
          25,
          "."
        ],
        [
          80,
          "name"
        ],
        [
          20,
          "}"
        ],
        [
          30,
          "<"
        ],
        [
          44,
          "/"
        ],
        [
          80,
          "span"
        ],
        [
          32,
          ">"
        ],
        [
          12,
          ""
        ],
        [
          30,
          "<"
        ],
        [
          44,
          "/"
        ],
        [
          80,
          "SelectItem"
        ],
        [
          32,
          ">"
        ],
        [
          22,
          ")"
        ],
        [
          22,
          ")"
        ],
        [
          20,
          "}"
        ],
        [
          12,
          ""
        ],
        [
          30,
          "<"
        ],
        [
          44,
          "/"
        ],
        [
          80,
          "SelectContent"
        ],
        [
          32,
          ">"
        ],
        [
          12,
          ""
        ],
        [
          30,
          "<"
        ],
        [
          44,
          "/"
        ],
        [
          80,
          "Select"
        ],
        [
          32,
          ">"
        ],
        [
          22,
          ")"
        ],
        [
          59,
          ":"
        ],
        [
          21,
          "("
        ],
        [
          30,
          "<"
        ],
        [
          80,
          "ShotTextField"
        ],
        [
          80,
          "shot"
        ],
        [
          64,
          "="
        ],
        [
          19,
          "{"
        ],
        [
          80,
          "shot"
        ],
        [
          20,
          "}"
        ],
        [
          80,
          "field"
        ],
        [
          64,
          "="
        ],
        [
          19,
          "{"
        ],
        [
          80,
          "TEXT_SHOT_FIELDS"
        ],
        [
          23,
          "["
        ],
        [
          80,
          "id"
        ],
        [
          24,
          "]"
        ],
        [
          20,
          "}"
        ],
        [
          80,
          "onDraftStatus"
        ],
        [
          64,
          "="
        ],
        [
          19,
          "{"
        ],
        [
          80,
          "onDraftStatus"
        ],
        [
          20,
          "}"
        ],
        [
          80,
          "unavailable"
        ],
        [
          64,
          "="
        ],
        [
          19,
          "{"
        ],
        [
          80,
          "unavailable"
        ],
        [
          20,
          "}"
        ],
        [
          80,
          "multiline"
        ],
        [
          80,
          "rows"
        ],
        [
          64,
          "="
        ],
        [
          19,
          "{"
        ],
        [
          9,
          "4"
        ],
        [
          20,
          "}"
        ],
        [
          80,
          "placeholder"
        ],
        [
          64,
          "="
        ],
        [
          19,
          "{"
        ],
        [
          80,
          "columnPlaceholder"
        ],
        [
          21,
          "("
        ],
        [
          80,
          "id"
        ],
        [
          22,
          ")"
        ],
        [
          20,
          "}"
        ],
        [
          80,
          "ariaLabel"
        ],
        [
          64,
          "="
        ],
        [
          19,
          "{"
        ],
        [
          80,
          "columnPlaceholder"
        ],
        [
          21,
          "("
        ],
        [
          80,
          "id"
        ],
        [
          22,
          ")"
        ],
        [
          20,
          "}"
        ],
        [
          80,
          "containerClassName"
        ],
        [
          64,
          "="
        ],
        [
          11,
          "\"flex h-full w-full min-w-0 flex-col px-2 py-3\""
        ],
        [
          80,
          "className"
        ],
        [
          64,
          "="
        ],
        [
          11,
          "\"h-full w-full min-w-0 resize-none border-0 bg-transparent shadow-none field-sizing-fixed\""
        ],
        [
          44,
          "/"
        ],
        [
          32,
          ">"
        ],
        [
          22,
          ")"
        ],
        [
          20,
          "}"
        ],
        [
          12,
          ""
        ],
        [
          30,
          "<"
        ],
        [
          44,
          "/"
        ],
        [
          80,
          "div"
        ],
        [
          32,
          ">"
        ],
        [
          22,
          ")"
        ],
        [
          22,
          ")"
        ],
        [
          20,
          "}"
        ],
        [
          12,
          ""
        ],
        [
          30,
          "<"
        ],
        [
          44,
          "/"
        ],
        [
          80,
          "div"
        ],
        [
          32,
          ">"
        ],
        [
          12,
          ""
        ],
        [
          19,
          "{"
        ],
        [
          80,
          "showBelow"
        ],
        [
          58,
          "?"
        ],
        [
          21,
          "("
        ],
        [
          30,
          "<"
        ],
        [
          80,
          "Button"
        ],
        [
          80,
          "type"
        ],
        [
          64,
          "="
        ],
        [
          11,
          "\"button\""
        ],
        [
          80,
          "variant"
        ],
        [
          64,
          "="
        ],
        [
          11,
          "\"outline\""
        ],
        [
          80,
          "size"
        ],
        [
          64,
          "="
        ],
        [
          11,
          "\"icon-sm\""
        ],
        [
          80,
          "className"
        ],
        [
          64,
          "="
        ],
        [
          11,
          "\"absolute bottom-0 left-3.5 z-10 size-6 translate-y-1/2 rounded-full opacity-0 transition-opacity group-hover:opacity-100\""
        ],
        [
          80,
          "onClick"
        ],
        [
          64,
          "="
        ],
        [
          19,
          "{"
        ],
        [
          21,
          "("
        ],
        [
          22,
          ")"
        ],
        [
          39,
          "=>"
        ],
        [
          116,
          "void"
        ],
        [
          80,
          "addShot"
        ],
        [
          21,
          "("
        ],
        [
          80,
          "projectId"
        ],
        [
          28,
          ","
        ],
        [
          80,
          "episodeId"
        ],
        [
          28,
          ","
        ],
        [
          19,
          "{"
        ],
        [
          80,
          "beatId"
        ],
        [
          20,
          "}"
        ],
        [
          22,
          ")"
        ],
        [
          20,
          "}"
        ],
        [
          80,
          "aria-label"
        ],
        [
          64,
          "="
        ],
        [
          11,
          "\"在末尾添加镜头\""
        ],
        [
          32,
          ">"
        ],
        [
          12,
          ""
        ],
        [
          30,
          "<"
        ],
        [
          80,
          "Plus"
        ],
        [
          44,
          "/"
        ],
        [
          32,
          ">"
        ],
        [
          12,
          ""
        ],
        [
          30,
          "<"
        ],
        [
          44,
          "/"
        ],
        [
          80,
          "Button"
        ],
        [
          32,
          ">"
        ],
        [
          22,
          ")"
        ],
        [
          59,
          ":"
        ],
        [
          106,
          "null"
        ],
        [
          20,
          "}"
        ],
        [
          12,
          ""
        ],
        [
          30,
          "<"
        ],
        [
          44,
          "/"
        ],
        [
          32,
          ">"
        ],
        [
          59,
          ":"
        ],
        [
          106,
          "null"
        ],
        [
          20,
          "}"
        ],
        [
          12,
          ""
        ],
        [
          30,
          "<"
        ],
        [
          44,
          "/"
        ],
        [
          80,
          "div"
        ],
        [
          32,
          ">"
        ],
        [
          22,
          ")"
        ],
        [
          27,
          ";"
        ],
        [
          20,
          "}"
        ],
        [
          1,
          ""
        ]
      ]
    },
    {
      "path": "src/lib/packages/audioPackageCodec.ts",
      "typescript": "5.9.3",
      "scriptKind": "TS",
      "beforeParseDiagnostics": 0,
      "afterParseDiagnostics": 0,
      "beforeTokenCount": 2492,
      "afterTokenCount": 2492,
      "beforeTokenSha256": "9c21591fd170cb6f65ff534bcf46588311c9b78c8fa7f7225fb41262796f02e3",
      "afterTokenSha256": "9c21591fd170cb6f65ff534bcf46588311c9b78c8fa7f7225fb41262796f02e3",
      "exactTerminalKindAndTextEqual": true,
      "terminalSequence": [
        [
          102,
          "import"
        ],
        [
          19,
          "{"
        ],
        [
          80,
          "z"
        ],
        [
          20,
          "}"
        ],
        [
          161,
          "from"
        ],
        [
          11,
          "\"zod\""
        ],
        [
          27,
          ";"
        ],
        [
          102,
          "import"
        ],
        [
          156,
          "type"
        ],
        [
          19,
          "{"
        ],
        [
          80,
          "ProjectKind"
        ],
        [
          20,
          "}"
        ],
        [
          161,
          "from"
        ],
        [
          11,
          "\"@/domain/types\""
        ],
        [
          27,
          ";"
        ],
        [
          102,
          "import"
        ],
        [
          156,
          "type"
        ],
        [
          19,
          "{"
        ],
        [
          80,
          "AudioTaskObservation"
        ],
        [
          20,
          "}"
        ],
        [
          161,
          "from"
        ],
        [
          11,
          "\"@/domain/audioGeneration\""
        ],
        [
          27,
          ";"
        ],
        [
          102,
          "import"
        ],
        [
          19,
          "{"
        ],
        [
          80,
          "validateAudioTaskObservations"
        ],
        [
          20,
          "}"
        ],
        [
          161,
          "from"
        ],
        [
          11,
          "\"@/lib/audioGeneration/observations\""
        ],
        [
          27,
          ";"
        ],
        [
          102,
          "import"
        ],
        [
          19,
          "{"
        ],
        [
          80,
          "mimoSpeechSettingsSchema"
        ],
        [
          20,
          "}"
        ],
        [
          161,
          "from"
        ],
        [
          11,
          "\"@/lib/audioGeneration/input\""
        ],
        [
          27,
          ";"
        ],
        [
          102,
          "import"
        ],
        [
          19,
          "{"
        ],
        [
          80,
          "createId"
        ],
        [
          20,
          "}"
        ],
        [
          161,
          "from"
        ],
        [
          11,
          "\"@/lib/ids\""
        ],
        [
          27,
          ";"
        ],
        [
          102,
          "import"
        ],
        [
          19,
          "{"
        ],
        [
          80,
          "preserveAudioExportFreshness"
        ],
        [
          28,
          ","
        ],
        [
          80,
          "remapAudioExportFingerprint"
        ],
        [
          20,
          "}"
        ],
        [
          161,
          "from"
        ],
        [
          11,
          "\"@/lib/audio/fingerprint\""
        ],
        [
          27,
          ";"
        ],
        [
          87,
          "const"
        ],
        [
          80,
          "id"
        ],
        [
          64,
          "="
        ],
        [
          80,
          "z"
        ],
        [
          25,
          "."
        ],
        [
          80,
          "string"
        ],
        [
          21,
          "("
        ],
        [
          22,
          ")"
        ],
        [
          25,
          "."
        ],
        [
          80,
          "min"
        ],
        [
          21,
          "("
        ],
        [
          9,
          "1"
        ],
        [
          22,
          ")"
        ],
        [
          27,
          ";"
        ],
        [
          87,
          "const"
        ],
        [
          80,
          "number"
        ],
        [
          64,
          "="
        ],
        [
          80,
          "z"
        ],
        [
          25,
          "."
        ],
        [
          80,
          "number"
        ],
        [
          21,
          "("
        ],
        [
          22,
          ")"
        ],
        [
          25,
          "."
        ],
        [
          80,
          "finite"
        ],
        [
          21,
          "("
        ],
        [
          22,
          ")"
        ],
        [
          27,
          ";"
        ],
        [
          87,
          "const"
        ],
        [
          80,
          "base"
        ],
        [
          64,
          "="
        ],
        [
          19,
          "{"
        ],
        [
          80,
          "id"
        ],
        [
          28,
          ","
        ],
        [
          80,
          "projectId"
        ],
        [
          59,
          ":"
        ],
        [
          80,
          "id"
        ],
        [
          28,
          ","
        ],
        [
          80,
          "revision"
        ],
        [
          59,
          ":"
        ],
        [
          80,
          "number"
        ],
        [
          25,
          "."
        ],
        [
          80,
          "int"
        ],
        [
          21,
          "("
        ],
        [
          22,
          ")"
        ],
        [
          25,
          "."
        ],
        [
          80,
          "positive"
        ],
        [
          21,
          "("
        ],
        [
          22,
          ")"
        ],
        [
          28,
          ","
        ],
        [
          80,
          "createdAt"
        ],
        [
          59,
          ":"
        ],
        [
          80,
          "z"
        ],
        [
          25,
          "."
        ],
        [
          80,
          "string"
        ],
        [
          21,
          "("
        ],
        [
          22,
          ")"
        ],
        [
          28,
          ","
        ],
        [
          80,
          "updatedAt"
        ],
        [
          59,
          ":"
        ],
        [
          80,
          "z"
        ],
        [
          25,
          "."
        ],
        [
          80,
          "string"
        ],
        [
          21,
          "("
        ],
        [
          22,
          ")"
        ],
        [
          20,
          "}"
        ],
        [
          27,
          ";"
        ],
        [
          87,
          "const"
        ],
        [
          80,
          "meta"
        ],
        [
          64,
          "="
        ],
        [
          19,
          "{"
        ],
        [
          80,
          "durationSec"
        ],
        [
          59,
          ":"
        ],
        [
          80,
          "number"
        ],
        [
          25,
          "."
        ],
        [
          80,
          "positive"
        ],
        [
          21,
          "("
        ],
        [
          22,
          ")"
        ],
        [
          28,
          ","
        ],
        [
          80,
          "sampleRate"
        ],
        [
          59,
          ":"
        ],
        [
          80,
          "number"
        ],
        [
          25,
          "."
        ],
        [
          80,
          "int"
        ],
        [
          21,
          "("
        ],
        [
          22,
          ")"
        ],
        [
          25,
          "."
        ],
        [
          80,
          "positive"
        ],
        [
          21,
          "("
        ],
        [
          22,
          ")"
        ],
        [
          28,
          ","
        ],
        [
          80,
          "channels"
        ],
        [
          59,
          ":"
        ],
        [
          80,
          "number"
        ],
        [
          25,
          "."
        ],
        [
          80,
          "int"
        ],
        [
          21,
          "("
        ],
        [
          22,
          ")"
        ],
        [
          25,
          "."
        ],
        [
          80,
          "positive"
        ],
        [
          21,
          "("
        ],
        [
          22,
          ")"
        ],
        [
          20,
          "}"
        ],
        [
          27,
          ";"
        ],
        [
          87,
          "const"
        ],
        [
          80,
          "provenance"
        ],
        [
          64,
          "="
        ],
        [
          80,
          "z"
        ],
        [
          25,
          "."
        ],
        [
          80,
          "object"
        ],
        [
          21,
          "("
        ],
        [
          19,
          "{"
        ],
        [
          80,
          "provider"
        ],
        [
          59,
          ":"
        ],
        [
          80,
          "z"
        ],
        [
          25,
          "."
        ],
        [
          80,
          "enum"
        ],
        [
          21,
          "("
        ],
        [
          23,
          "["
        ],
        [
          11,
          "\"apimart\""
        ],
        [
          28,
          ","
        ],
        [
          11,
          "\"mimo\""
        ],
        [
          24,
          "]"
        ],
        [
          22,
          ")"
        ],
        [
          28,
          ","
        ],
        [
          80,
          "model"
        ],
        [
          59,
          ":"
        ],
        [
          80,
          "z"
        ],
        [
          25,
          "."
        ],
        [
          80,
          "string"
        ],
        [
          21,
          "("
        ],
        [
          22,
          ")"
        ],
        [
          28,
          ","
        ],
        [
          80,
          "taskId"
        ],
        [
          59,
          ":"
        ],
        [
          80,
          "z"
        ],
        [
          25,
          "."
        ],
        [
          80,
          "string"
        ],
        [
          21,
          "("
        ],
        [
          22,
          ")"
        ],
        [
          25,
          "."
        ],
        [
          80,
          "optional"
        ],
        [
          21,
          "("
        ],
        [
          22,
          ")"
        ],
        [
          28,
          ","
        ],
        [
          80,
          "clipId"
        ],
        [
          59,
          ":"
        ],
        [
          80,
          "z"
        ],
        [
          25,
          "."
        ],
        [
          80,
          "string"
        ],
        [
          21,
          "("
        ],
        [
          22,
          ")"
        ],
        [
          25,
          "."
        ],
        [
          80,
          "optional"
        ],
        [
          21,
          "("
        ],
        [
          22,
          ")"
        ],
        [
          28,
          ","
        ],
        [
          80,
          "audioIndex"
        ],
        [
          59,
          ":"
        ],
        [
          80,
          "number"
        ],
        [
          25,
          "."
        ],
        [
          80,
          "int"
        ],
        [
          21,
          "("
        ],
        [
          22,
          ")"
        ],
        [
          25,
          "."
        ],
        [
          80,
          "positive"
        ],
        [
          21,
          "("
        ],
        [
          22,
          ")"
        ],
        [
          25,
          "."
        ],
        [
          80,
          "optional"
        ],
        [
          21,
          "("
        ],
        [
          22,
          ")"
        ],
        [
          28,
          ","
        ],
        [
          80,
          "jobId"
        ],
        [
          59,
          ":"
        ],
        [
          80,
          "id"
        ],
        [
          25,
          "."
        ],
        [
          80,
          "optional"
        ],
        [
          21,
          "("
        ],
        [
          22,
          ")"
        ],
        [
          28,
          ","
        ],
        [
          80,
          "audioUrl"
        ],
        [
          59,
          ":"
        ],
        [
          80,
          "z"
        ],
        [
          25,
          "."
        ],
        [
          80,
          "string"
        ],
        [
          21,
          "("
        ],
        [
          22,
          ")"
        ],
        [
          25,
          "."
        ],
        [
          80,
          "optional"
        ],
        [
          21,
          "("
        ],
        [
          22,
          ")"
        ],
        [
          28,
          ","
        ],
        [
          80,
          "coverUrl"
        ],
        [
          59,
          ":"
        ],
        [
          80,
          "z"
        ],
        [
          25,
          "."
        ],
        [
          80,
          "string"
        ],
        [
          21,
          "("
        ],
        [
          22,
          ")"
        ],
        [
          25,
          "."
        ],
        [
          80,
          "optional"
        ],
        [
          21,
          "("
        ],
        [
          22,
          ")"
        ],
        [
          20,
          "}"
        ],
        [
          22,
          ")"
        ],
        [
          27,
          ";"
        ],
        [
          87,
          "const"
        ],
        [
          80,
          "settings"
        ],
        [
          64,
          "="
        ],
        [
          80,
          "z"
        ],
        [
          25,
          "."
        ],
        [
          80,
          "discriminatedUnion"
        ],
        [
          21,
          "("
        ],
        [
          11,
          "\"engine\""
        ],
        [
          28,
          ","
        ],
        [
          23,
          "["
        ],
        [
          80,
          "z"
        ],
        [
          25,
          "."
        ],
        [
          80,
          "object"
        ],
        [
          21,
          "("
        ],
        [
          19,
          "{"
        ],
        [
          80,
          "engine"
        ],
        [
          59,
          ":"
        ],
        [
          80,
          "z"
        ],
        [
          25,
          "."
        ],
        [
          80,
          "literal"
        ],
        [
          21,
          "("
        ],
        [
          11,
          "\"flowmusic\""
        ],
        [
          22,
          ")"
        ],
        [
          28,
          ","
        ],
        [
          80,
          "soundPrompt"
        ],
        [
          59,
          ":"
        ],
        [
          80,
          "z"
        ],
        [
          25,
          "."
        ],
        [
          80,
          "string"
        ],
        [
          21,
          "("
        ],
        [
          22,
          ")"
        ],
        [
          28,
          ","
        ],
        [
          80,
          "lyrics"
        ],
        [
          59,
          ":"
        ],
        [
          80,
          "z"
        ],
        [
          25,
          "."
        ],
        [
          80,
          "string"
        ],
        [
          21,
          "("
        ],
        [
          22,
          ")"
        ],
        [
          28,
          ","
        ],
        [
          80,
          "title"
        ],
        [
          59,
          ":"
        ],
        [
          80,
          "z"
        ],
        [
          25,
          "."
        ],
        [
          80,
          "string"
        ],
        [
          21,
          "("
        ],
        [
          22,
          ")"
        ],
        [
          28,
          ","
        ],
        [
          80,
          "bpm"
        ],
        [
          59,
          ":"
        ],
        [
          80,
          "z"
        ],
        [
          25,
          "."
        ],
        [
          80,
          "string"
        ],
        [
          21,
          "("
        ],
        [
          22,
          ")"
        ],
        [
          25,
          "."
        ],
        [
          80,
          "optional"
        ],
        [
          21,
          "("
        ],
        [
          22,
          ")"
        ],
        [
          28,
          ","
        ],
        [
          80,
          "lengthSec"
        ],
        [
          59,
          ":"
        ],
        [
          80,
          "number"
        ],
        [
          25,
          "."
        ],
        [
          80,
          "optional"
        ],
        [
          21,
          "("
        ],
        [
          22,
          ")"
        ],
        [
          28,
          ","
        ],
        [
          80,
          "seed"
        ],
        [
          59,
          ":"
        ],
        [
          80,
          "z"
        ],
        [
          25,
          "."
        ],
        [
          80,
          "string"
        ],
        [
          21,
          "("
        ],
        [
          22,
          ")"
        ],
        [
          25,
          "."
        ],
        [
          80,
          "optional"
        ],
        [
          21,
          "("
        ],
        [
          22,
          ")"
        ],
        [
          20,
          "}"
        ],
        [
          22,
          ")"
        ],
        [
          28,
          ","
        ],
        [
          80,
          "z"
        ],
        [
          25,
          "."
        ],
        [
          80,
          "object"
        ],
        [
          21,
          "("
        ],
        [
          19,
          "{"
        ],
        [
          80,
          "engine"
        ],
        [
          59,
          ":"
        ],
        [
          80,
          "z"
        ],
        [
          25,
          "."
        ],
        [
          80,
          "literal"
        ],
        [
          21,
          "("
        ],
        [
          11,
          "\"suno\""
        ],
        [
          22,
          ")"
        ],
        [
          28,
          ","
        ],
        [
          80,
          "version"
        ],
        [
          59,
          ":"
        ],
        [
          80,
          "z"
        ],
        [
          25,
          "."
        ],
        [
          80,
          "enum"
        ],
        [
          21,
          "("
        ],
        [
          23,
          "["
        ],
        [
          11,
          "\"v6\""
        ],
        [
          28,
          ","
        ],
        [
          11,
          "\"v6-wild\""
        ],
        [
          28,
          ","
        ],
        [
          11,
          "\"v6-mini\""
        ],
        [
          24,
          "]"
        ],
        [
          22,
          ")"
        ],
        [
          28,
          ","
        ],
        [
          80,
          "custom"
        ],
        [
          59,
          ":"
        ],
        [
          80,
          "z"
        ],
        [
          25,
          "."
        ],
        [
          80,
          "boolean"
        ],
        [
          21,
          "("
        ],
        [
          22,
          ")"
        ],
        [
          28,
          ","
        ],
        [
          80,
          "instrumental"
        ],
        [
          59,
          ":"
        ],
        [
          80,
          "z"
        ],
        [
          25,
          "."
        ],
        [
          80,
          "boolean"
        ],
        [
          21,
          "("
        ],
        [
          22,
          ")"
        ],
        [
          28,
          ","
        ],
        [
          80,
          "prompt"
        ],
        [
          59,
          ":"
        ],
        [
          80,
          "z"
        ],
        [
          25,
          "."
        ],
        [
          80,
          "string"
        ],
        [
          21,
          "("
        ],
        [
          22,
          ")"
        ],
        [
          28,
          ","
        ],
        [
          80,
          "title"
        ],
        [
          59,
          ":"
        ],
        [
          80,
          "z"
        ],
        [
          25,
          "."
        ],
        [
          80,
          "string"
        ],
        [
          21,
          "("
        ],
        [
          22,
          ")"
        ],
        [
          28,
          ","
        ],
        [
          80,
          "style"
        ],
        [
          59,
          ":"
        ],
        [
          80,
          "z"
        ],
        [
          25,
          "."
        ],
        [
          80,
          "string"
        ],
        [
          21,
          "("
        ],
        [
          22,
          ")"
        ],
        [
          28,
          ","
        ],
        [
          80,
          "negativeTags"
        ],
        [
          59,
          ":"
        ],
        [
          80,
          "z"
        ],
        [
          25,
          "."
        ],
        [
          80,
          "string"
        ],
        [
          21,
          "("
        ],
        [
          22,
          ")"
        ],
        [
          28,
          ","
        ],
        [
          80,
          "durationSec"
        ],
        [
          59,
          ":"
        ],
        [
          80,
          "number"
        ],
        [
          25,
          "."
        ],
        [
          80,
          "optional"
        ],
        [
          21,
          "("
        ],
        [
          22,
          ")"
        ],
        [
          20,
          "}"
        ],
        [
          22,
          ")"
        ],
        [
          28,
          ","
        ],
        [
          24,
          "]"
        ],
        [
          22,
          ")"
        ],
        [
          27,
          ";"
        ],
        [
          87,
          "const"
        ],
        [
          80,
          "input"
        ],
        [
          64,
          "="
        ],
        [
          80,
          "z"
        ],
        [
          25,
          "."
        ],
        [
          80,
          "discriminatedUnion"
        ],
        [
          21,
          "("
        ],
        [
          11,
          "\"kind\""
        ],
        [
          28,
          ","
        ],
        [
          23,
          "["
        ],
        [
          80,
          "z"
        ],
        [
          25,
          "."
        ],
        [
          80,
          "object"
        ],
        [
          21,
          "("
        ],
        [
          19,
          "{"
        ],
        [
          80,
          "kind"
        ],
        [
          59,
          ":"
        ],
        [
          80,
          "z"
        ],
        [
          25,
          "."
        ],
        [
          80,
          "literal"
        ],
        [
          21,
          "("
        ],
        [
          11,
          "\"speech\""
        ],
        [
          22,
          ")"
        ],
        [
          28,
          ","
        ],
        [
          80,
          "text"
        ],
        [
          59,
          ":"
        ],
        [
          80,
          "z"
        ],
        [
          25,
          "."
        ],
        [
          80,
          "string"
        ],
        [
          21,
          "("
        ],
        [
          22,
          ")"
        ],
        [
          28,
          ","
        ],
        [
          80,
          "voice"
        ],
        [
          59,
          ":"
        ],
        [
          80,
          "z"
        ],
        [
          25,
          "."
        ],
        [
          80,
          "string"
        ],
        [
          21,
          "("
        ],
        [
          22,
          ")"
        ],
        [
          28,
          ","
        ],
        [
          80,
          "speed"
        ],
        [
          59,
          ":"
        ],
        [
          80,
          "number"
        ],
        [
          28,
          ","
        ],
        [
          80,
          "mimo"
        ],
        [
          59,
          ":"
        ],
        [
          80,
          "mimoSpeechSettingsSchema"
        ],
        [
          25,
          "."
        ],
        [
          80,
          "optional"
        ],
        [
          21,
          "("
        ],
        [
          22,
          ")"
        ],
        [
          28,
          ","
        ],
        [
          80,
          "segmentId"
        ],
        [
          59,
          ":"
        ],
        [
          80,
          "id"
        ],
        [
          25,
          "."
        ],
        [
          80,
          "optional"
        ],
        [
          21,
          "("
        ],
        [
          22,
          ")"
        ],
        [
          28,
          ","
        ],
        [
          80,
          "segmentRevision"
        ],
        [
          59,
          ":"
        ],
        [
          80,
          "number"
        ],
        [
          25,
          "."
        ],
        [
          80,
          "optional"
        ],
        [
          21,
          "("
        ],
        [
          22,
          ")"
        ],
        [
          20,
          "}"
        ],
        [
          22,
          ")"
        ],
        [
          28,
          ","
        ],
        [
          80,
          "z"
        ],
        [
          25,
          "."
        ],
        [
          80,
          "object"
        ],
        [
          21,
          "("
        ],
        [
          19,
          "{"
        ],
        [
          80,
          "kind"
        ],
        [
          59,
          ":"
        ],
        [
          80,
          "z"
        ],
        [
          25,
          "."
        ],
        [
          80,
          "literal"
        ],
        [
          21,
          "("
        ],
        [
          11,
          "\"music\""
        ],
        [
          22,
          ")"
        ],
        [
          28,
          ","
        ],
        [
          80,
          "settings"
        ],
        [
          28,
          ","
        ],
        [
          80,
          "draftId"
        ],
        [
          59,
          ":"
        ],
        [
          80,
          "id"
        ],
        [
          25,
          "."
        ],
        [
          80,
          "optional"
        ],
        [
          21,
          "("
        ],
        [
          22,
          ")"
        ],
        [
          28,
          ","
        ],
        [
          80,
          "draftRevision"
        ],
        [
          59,
          ":"
        ],
        [
          80,
          "number"
        ],
        [
          25,
          "."
        ],
        [
          80,
          "optional"
        ],
        [
          21,
          "("
        ],
        [
          22,
          ")"
        ],
        [
          20,
          "}"
        ],
        [
          22,
          ")"
        ],
        [
          28,
          ","
        ],
        [
          24,
          "]"
        ],
        [
          22,
          ")"
        ],
        [
          27,
          ";"
        ],
        [
          87,
          "const"
        ],
        [
          80,
          "schemas"
        ],
        [
          64,
          "="
        ],
        [
          19,
          "{"
        ],
        [
          80,
          "audioChapters"
        ],
        [
          59,
          ":"
        ],
        [
          80,
          "z"
        ],
        [
          25,
          "."
        ],
        [
          80,
          "object"
        ],
        [
          21,
          "("
        ],
        [
          19,
          "{"
        ],
        [
          26,
          "..."
        ],
        [
          80,
          "base"
        ],
        [
          28,
          ","
        ],
        [
          80,
          "title"
        ],
        [
          59,
          ":"
        ],
        [
          80,
          "z"
        ],
        [
          25,
          "."
        ],
        [
          80,
          "string"
        ],
        [
          21,
          "("
        ],
        [
          22,
          ")"
        ],
        [
          28,
          ","
        ],
        [
          80,
          "order"
        ],
        [
          59,
          ":"
        ],
        [
          80,
          "number"
        ],
        [
          20,
          "}"
        ],
        [
          22,
          ")"
        ],
        [
          28,
          ","
        ],
        [
          80,
          "audioSpeakers"
        ],
        [
          59,
          ":"
        ],
        [
          80,
          "z"
        ],
        [
          25,
          "."
        ],
        [
          80,
          "object"
        ],
        [
          21,
          "("
        ],
        [
          19,
          "{"
        ],
        [
          26,
          "..."
        ],
        [
          80,
          "base"
        ],
        [
          28,
          ","
        ],
        [
          80,
          "name"
        ],
        [
          59,
          ":"
        ],
        [
          80,
          "z"
        ],
        [
          25,
          "."
        ],
        [
          80,
          "string"
        ],
        [
          21,
          "("
        ],
        [
          22,
          ")"
        ],
        [
          28,
          ","
        ],
        [
          80,
          "voice"
        ],
        [
          59,
          ":"
        ],
        [
          80,
          "z"
        ],
        [
          25,
          "."
        ],
        [
          80,
          "string"
        ],
        [
          21,
          "("
        ],
        [
          22,
          ")"
        ],
        [
          25,
          "."
        ],
        [
          80,
          "optional"
        ],
        [
          21,
          "("
        ],
        [
          22,
          ")"
        ],
        [
          28,
          ","
        ],
        [
          80,
          "speed"
        ],
        [
          59,
          ":"
        ],
        [
          80,
          "number"
        ],
        [
          25,
          "."
        ],
        [
          80,
          "optional"
        ],
        [
          21,
          "("
        ],
        [
          22,
          ")"
        ],
        [
          28,
          ","
        ],
        [
          80,
          "mimo"
        ],
        [
          59,
          ":"
        ],
        [
          80,
          "mimoSpeechSettingsSchema"
        ],
        [
          25,
          "."
        ],
        [
          80,
          "optional"
        ],
        [
          21,
          "("
        ],
        [
          22,
          ")"
        ],
        [
          20,
          "}"
        ],
        [
          22,
          ")"
        ],
        [
          28,
          ","
        ],
        [
          80,
          "audioSegments"
        ],
        [
          59,
          ":"
        ],
        [
          80,
          "z"
        ],
        [
          25,
          "."
        ],
        [
          80,
          "object"
        ],
        [
          21,
          "("
        ],
        [
          19,
          "{"
        ],
        [
          26,
          "..."
        ],
        [
          80,
          "base"
        ],
        [
          28,
          ","
        ],
        [
          80,
          "chapterId"
        ],
        [
          59,
          ":"
        ],
        [
          80,
          "id"
        ],
        [
          28,
          ","
        ],
        [
          80,
          "speakerId"
        ],
        [
          59,
          ":"
        ],
        [
          80,
          "id"
        ],
        [
          25,
          "."
        ],
        [
          80,
          "optional"
        ],
        [
          21,
          "("
        ],
        [
          22,
          ")"
        ],
        [
          28,
          ","
        ],
        [
          80,
          "order"
        ],
        [
          59,
          ":"
        ],
        [
          80,
          "number"
        ],
        [
          28,
          ","
        ],
        [
          80,
          "text"
        ],
        [
          59,
          ":"
        ],
        [
          80,
          "z"
        ],
        [
          25,
          "."
        ],
        [
          80,
          "string"
        ],
        [
          21,
          "("
        ],
        [
          22,
          ")"
        ],
        [
          28,
          ","
        ],
        [
          80,
          "notes"
        ],
        [
          59,
          ":"
        ],
        [
          80,
          "z"
        ],
        [
          25,
          "."
        ],
        [
          80,
          "string"
        ],
        [
          21,
          "("
        ],
        [
          22,
          ")"
        ],
        [
          28,
          ","
        ],
        [
          80,
          "selectedTakeId"
        ],
        [
          59,
          ":"
        ],
        [
          80,
          "id"
        ],
        [
          25,
          "."
        ],
        [
          80,
          "optional"
        ],
        [
          21,
          "("
        ],
        [
          22,
          ")"
        ],
        [
          20,
          "}"
        ],
        [
          22,
          ")"
        ],
        [
          28,
          ","
        ],
        [
          80,
          "audioTakes"
        ],
        [
          59,
          ":"
        ],
        [
          80,
          "z"
        ],
        [
          25,
          "."
        ],
        [
          80,
          "object"
        ],
        [
          21,
          "("
        ],
        [
          19,
          "{"
        ],
        [
          26,
          "..."
        ],
        [
          80,
          "base"
        ],
        [
          28,
          ","
        ],
        [
          26,
          "..."
        ],
        [
          80,
          "meta"
        ],
        [
          28,
          ","
        ],
        [
          80,
          "segmentId"
        ],
        [
          59,
          ":"
        ],
        [
          80,
          "id"
        ],
        [
          25,
          "."
        ],
        [
          80,
          "optional"
        ],
        [
          21,
          "("
        ],
        [
          22,
          ")"
        ],
        [
          28,
          ","
        ],
        [
          80,
          "mediaId"
        ],
        [
          59,
          ":"
        ],
        [
          80,
          "id"
        ],
        [
          28,
          ","
        ],
        [
          80,
          "name"
        ],
        [
          59,
          ":"
        ],
        [
          80,
          "z"
        ],
        [
          25,
          "."
        ],
        [
          80,
          "string"
        ],
        [
          21,
          "("
        ],
        [
          22,
          ")"
        ],
        [
          28,
          ","
        ],
        [
          80,
          "source"
        ],
        [
          59,
          ":"
        ],
        [
          80,
          "z"
        ],
        [
          25,
          "."
        ],
        [
          80,
          "enum"
        ],
        [
          21,
          "("
        ],
        [
          23,
          "["
        ],
        [
          11,
          "\"recording\""
        ],
        [
          28,
          ","
        ],
        [
          11,
          "\"upload\""
        ],
        [
          28,
          ","
        ],
        [
          11,
          "\"library\""
        ],
        [
          28,
          ","
        ],
        [
          11,
          "\"tts\""
        ],
        [
          28,
          ","
        ],
        [
          11,
          "\"music\""
        ],
        [
          24,
          "]"
        ],
        [
          22,
          ")"
        ],
        [
          28,
          ","
        ],
        [
          80,
          "textSnapshot"
        ],
        [
          59,
          ":"
        ],
        [
          80,
          "z"
        ],
        [
          25,
          "."
        ],
        [
          80,
          "string"
        ],
        [
          21,
          "("
        ],
        [
          22,
          ")"
        ],
        [
          25,
          "."
        ],
        [
          80,
          "optional"
        ],
        [
          21,
          "("
        ],
        [
          22,
          ")"
        ],
        [
          28,
          ","
        ],
        [
          80,
          "provenance"
        ],
        [
          59,
          ":"
        ],
        [
          80,
          "provenance"
        ],
        [
          25,
          "."
        ],
        [
          80,
          "optional"
        ],
        [
          21,
          "("
        ],
        [
          22,
          ")"
        ],
        [
          20,
          "}"
        ],
        [
          22,
          ")"
        ],
        [
          28,
          ","
        ],
        [
          80,
          "audioTracks"
        ],
        [
          59,
          ":"
        ],
        [
          80,
          "z"
        ],
        [
          25,
          "."
        ],
        [
          80,
          "object"
        ],
        [
          21,
          "("
        ],
        [
          19,
          "{"
        ],
        [
          26,
          "..."
        ],
        [
          80,
          "base"
        ],
        [
          28,
          ","
        ],
        [
          80,
          "chapterId"
        ],
        [
          59,
          ":"
        ],
        [
          80,
          "id"
        ],
        [
          28,
          ","
        ],
        [
          80,
          "role"
        ],
        [
          59,
          ":"
        ],
        [
          80,
          "z"
        ],
        [
          25,
          "."
        ],
        [
          80,
          "enum"
        ],
        [
          21,
          "("
        ],
        [
          23,
          "["
        ],
        [
          11,
          "\"voice\""
        ],
        [
          28,
          ","
        ],
        [
          11,
          "\"music\""
        ],
        [
          28,
          ","
        ],
        [
          11,
          "\"effects\""
        ],
        [
          24,
          "]"
        ],
        [
          22,
          ")"
        ],
        [
          28,
          ","
        ],
        [
          80,
          "name"
        ],
        [
          59,
          ":"
        ],
        [
          80,
          "z"
        ],
        [
          25,
          "."
        ],
        [
          80,
          "string"
        ],
        [
          21,
          "("
        ],
        [
          22,
          ")"
        ],
        [
          28,
          ","
        ],
        [
          80,
          "order"
        ],
        [
          59,
          ":"
        ],
        [
          80,
          "number"
        ],
        [
          28,
          ","
        ],
        [
          80,
          "gain"
        ],
        [
          59,
          ":"
        ],
        [
          80,
          "number"
        ],
        [
          28,
          ","
        ],
        [
          80,
          "muted"
        ],
        [
          59,
          ":"
        ],
        [
          80,
          "z"
        ],
        [
          25,
          "."
        ],
        [
          80,
          "boolean"
        ],
        [
          21,
          "("
        ],
        [
          22,
          ")"
        ],
        [
          28,
          ","
        ],
        [
          80,
          "solo"
        ],
        [
          59,
          ":"
        ],
        [
          80,
          "z"
        ],
        [
          25,
          "."
        ],
        [
          80,
          "boolean"
        ],
        [
          21,
          "("
        ],
        [
          22,
          ")"
        ],
        [
          20,
          "}"
        ],
        [
          22,
          ")"
        ],
        [
          28,
          ","
        ],
        [
          80,
          "audioClips"
        ],
        [
          59,
          ":"
        ],
        [
          80,
          "z"
        ],
        [
          25,
          "."
        ],
        [
          80,
          "object"
        ],
        [
          21,
          "("
        ],
        [
          19,
          "{"
        ],
        [
          26,
          "..."
        ],
        [
          80,
          "base"
        ],
        [
          28,
          ","
        ],
        [
          80,
          "chapterId"
        ],
        [
          59,
          ":"
        ],
        [
          80,
          "id"
        ],
        [
          28,
          ","
        ],
        [
          80,
          "trackId"
        ],
        [
          59,
          ":"
        ],
        [
          80,
          "id"
        ],
        [
          28,
          ","
        ],
        [
          80,
          "takeId"
        ],
        [
          59,
          ":"
        ],
        [
          80,
          "id"
        ],
        [
          28,
          ","
        ],
        [
          80,
          "startSec"
        ],
        [
          59,
          ":"
        ],
        [
          80,
          "number"
        ],
        [
          28,
          ","
        ],
        [
          80,
          "trimStartSec"
        ],
        [
          59,
          ":"
        ],
        [
          80,
          "number"
        ],
        [
          28,
          ","
        ],
        [
          80,
          "trimEndSec"
        ],
        [
          59,
          ":"
        ],
        [
          80,
          "number"
        ],
        [
          28,
          ","
        ],
        [
          80,
          "gain"
        ],
        [
          59,
          ":"
        ],
        [
          80,
          "number"
        ],
        [
          28,
          ","
        ],
        [
          80,
          "fadeInSec"
        ],
        [
          59,
          ":"
        ],
        [
          80,
          "number"
        ],
        [
          28,
          ","
        ],
        [
          80,
          "fadeOutSec"
        ],
        [
          59,
          ":"
        ],
        [
          80,
          "number"
        ],
        [
          20,
          "}"
        ],
        [
          22,
          ")"
        ],
        [
          28,
          ","
        ],
        [
          80,
          "audioExports"
        ],
        [
          59,
          ":"
        ],
        [
          80,
          "z"
        ],
        [
          25,
          "."
        ],
        [
          80,
          "object"
        ],
        [
          21,
          "("
        ],
        [
          19,
          "{"
        ],
        [
          26,
          "..."
        ],
        [
          80,
          "base"
        ],
        [
          28,
          ","
        ],
        [
          80,
          "chapterId"
        ],
        [
          59,
          ":"
        ],
        [
          80,
          "id"
        ],
        [
          25,
          "."
        ],
        [
          80,
          "optional"
        ],
        [
          21,
          "("
        ],
        [
          22,
          ")"
        ],
        [
          28,
          ","
        ],
        [
          80,
          "scope"
        ],
        [
          59,
          ":"
        ],
        [
          80,
          "z"
        ],
        [
          25,
          "."
        ],
        [
          80,
          "enum"
        ],
        [
          21,
          "("
        ],
        [
          23,
          "["
        ],
        [
          11,
          "\"chapter\""
        ],
        [
          28,
          ","
        ],
        [
          11,
          "\"project\""
        ],
        [
          24,
          "]"
        ],
        [
          22,
          ")"
        ],
        [
          25,
          "."
        ],
        [
          80,
          "optional"
        ],
        [
          21,
          "("
        ],
        [
          22,
          ")"
        ],
        [
          28,
          ","
        ],
        [
          80,
          "chapterTitle"
        ],
        [
          59,
          ":"
        ],
        [
          80,
          "z"
        ],
        [
          25,
          "."
        ],
        [
          80,
          "string"
        ],
        [
          21,
          "("
        ],
        [
          22,
          ")"
        ],
        [
          25,
          "."
        ],
        [
          80,
          "optional"
        ],
        [
          21,
          "("
        ],
        [
          22,
          ")"
        ],
        [
          28,
          ","
        ],
        [
          80,
          "fingerprint"
        ],
        [
          59,
          ":"
        ],
        [
          80,
          "z"
        ],
        [
          25,
          "."
        ],
        [
          80,
          "string"
        ],
        [
          21,
          "("
        ],
        [
          22,
          ")"
        ],
        [
          28,
          ","
        ],
        [
          80,
          "format"
        ],
        [
          59,
          ":"
        ],
        [
          80,
          "z"
        ],
        [
          25,
          "."
        ],
        [
          80,
          "literal"
        ],
        [
          21,
          "("
        ],
        [
          11,
          "\"wav\""
        ],
        [
          22,
          ")"
        ],
        [
          28,
          ","
        ],
        [
          80,
          "mediaId"
        ],
        [
          59,
          ":"
        ],
        [
          80,
          "id"
        ],
        [
          28,
          ","
        ],
        [
          80,
          "durationSec"
        ],
        [
          59,
          ":"
        ],
        [
          80,
          "number"
        ],
        [
          20,
          "}"
        ],
        [
          22,
          ")"
        ],
        [
          28,
          ","
        ],
        [
          80,
          "musicDrafts"
        ],
        [
          59,
          ":"
        ],
        [
          80,
          "z"
        ],
        [
          25,
          "."
        ],
        [
          80,
          "object"
        ],
        [
          21,
          "("
        ],
        [
          19,
          "{"
        ],
        [
          26,
          "..."
        ],
        [
          80,
          "base"
        ],
        [
          28,
          ","
        ],
        [
          80,
          "settings"
        ],
        [
          20,
          "}"
        ],
        [
          22,
          ")"
        ],
        [
          28,
          ","
        ],
        [
          80,
          "musicWorks"
        ],
        [
          59,
          ":"
        ],
        [
          80,
          "z"
        ],
        [
          25,
          "."
        ],
        [
          80,
          "object"
        ],
        [
          21,
          "("
        ],
        [
          19,
          "{"
        ],
        [
          26,
          "..."
        ],
        [
          80,
          "base"
        ],
        [
          28,
          ","
        ],
        [
          26,
          "..."
        ],
        [
          80,
          "meta"
        ],
        [
          28,
          ","
        ],
        [
          80,
          "mediaId"
        ],
        [
          59,
          ":"
        ],
        [
          80,
          "id"
        ],
        [
          28,
          ","
        ],
        [
          80,
          "title"
        ],
        [
          59,
          ":"
        ],
        [
          80,
          "z"
        ],
        [
          25,
          "."
        ],
        [
          80,
          "string"
        ],
        [
          21,
          "("
        ],
        [
          22,
          ")"
        ],
        [
          28,
          ","
        ],
        [
          80,
          "notes"
        ],
        [
          59,
          ":"
        ],
        [
          80,
          "z"
        ],
        [
          25,
          "."
        ],
        [
          80,
          "string"
        ],
        [
          21,
          "("
        ],
        [
          22,
          ")"
        ],
        [
          28,
          ","
        ],
        [
          80,
          "favorite"
        ],
        [
          59,
          ":"
        ],
        [
          80,
          "z"
        ],
        [
          25,
          "."
        ],
        [
          80,
          "boolean"
        ],
        [
          21,
          "("
        ],
        [
          22,
          ")"
        ],
        [
          28,
          ","
        ],
        [
          80,
          "lyrics"
        ],
        [
          59,
          ":"
        ],
        [
          80,
          "z"
        ],
        [
          25,
          "."
        ],
        [
          80,
          "string"
        ],
        [
          21,
          "("
        ],
        [
          22,
          ")"
        ],
        [
          28,
          ","
        ],
        [
          80,
          "settings"
        ],
        [
          59,
          ":"
        ],
        [
          80,
          "settings"
        ],
        [
          25,
          "."
        ],
        [
          80,
          "optional"
        ],
        [
          21,
          "("
        ],
        [
          22,
          ")"
        ],
        [
          28,
          ","
        ],
        [
          80,
          "provenance"
        ],
        [
          59,
          ":"
        ],
        [
          80,
          "provenance"
        ],
        [
          25,
          "."
        ],
        [
          80,
          "optional"
        ],
        [
          21,
          "("
        ],
        [
          22,
          ")"
        ],
        [
          20,
          "}"
        ],
        [
          22,
          ")"
        ],
        [
          28,
          ","
        ],
        [
          80,
          "audioGenerationJobs"
        ],
        [
          59,
          ":"
        ],
        [
          80,
          "z"
        ],
        [
          25,
          "."
        ],
        [
          80,
          "object"
        ],
        [
          21,
          "("
        ],
        [
          19,
          "{"
        ],
        [
          26,
          "..."
        ],
        [
          80,
          "base"
        ],
        [
          28,
          ","
        ],
        [
          80,
          "intentId"
        ],
        [
          59,
          ":"
        ],
        [
          80,
          "id"
        ],
        [
          28,
          ","
        ],
        [
          80,
          "input"
        ],
        [
          28,
          ","
        ],
        [
          80,
          "connector"
        ],
        [
          59,
          ":"
        ],
        [
          80,
          "z"
        ],
        [
          25,
          "."
        ],
        [
          80,
          "object"
        ],
        [
          21,
          "("
        ],
        [
          19,
          "{"
        ],
        [
          80,
          "id"
        ],
        [
          28,
          ","
        ],
        [
          80,
          "provider"
        ],
        [
          59,
          ":"
        ],
        [
          80,
          "z"
        ],
        [
          25,
          "."
        ],
        [
          80,
          "enum"
        ],
        [
          21,
          "("
        ],
        [
          23,
          "["
        ],
        [
          11,
          "\"apimart\""
        ],
        [
          28,
          ","
        ],
        [
          11,
          "\"mimo\""
        ],
        [
          24,
          "]"
        ],
        [
          22,
          ")"
        ],
        [
          28,
          ","
        ],
        [
          80,
          "baseUrl"
        ],
        [
          59,
          ":"
        ],
        [
          80,
          "z"
        ],
        [
          25,
          "."
        ],
        [
          80,
          "string"
        ],
        [
          21,
          "("
        ],
        [
          22,
          ")"
        ],
        [
          20,
          "}"
        ],
        [
          22,
          ")"
        ],
        [
          28,
          ","
        ],
        [
          80,
          "source"
        ],
        [
          59,
          ":"
        ],
        [
          80,
          "z"
        ],
        [
          25,
          "."
        ],
        [
          80,
          "object"
        ],
        [
          21,
          "("
        ],
        [
          19,
          "{"
        ],
        [
          80,
          "kind"
        ],
        [
          59,
          ":"
        ],
        [
          80,
          "z"
        ],
        [
          25,
          "."
        ],
        [
          80,
          "literal"
        ],
        [
          21,
          "("
        ],
        [
          11,
          "\"manual\""
        ],
        [
          22,
          ")"
        ],
        [
          20,
          "}"
        ],
        [
          22,
          ")"
        ],
        [
          28,
          ","
        ],
        [
          80,
          "status"
        ],
        [
          59,
          ":"
        ],
        [
          80,
          "z"
        ],
        [
          25,
          "."
        ],
        [
          80,
          "enum"
        ],
        [
          21,
          "("
        ],
        [
          23,
          "["
        ],
        [
          11,
          "\"prepared\""
        ],
        [
          28,
          ","
        ],
        [
          11,
          "\"submitting\""
        ],
        [
          28,
          ","
        ],
        [
          11,
          "\"uncertain\""
        ],
        [
          28,
          ","
        ],
        [
          11,
          "\"submitted\""
        ],
        [
          28,
          ","
        ],
        [
          11,
          "\"running\""
        ],
        [
          28,
          ","
        ],
        [
          11,
          "\"remote-completed\""
        ],
        [
          28,
          ","
        ],
        [
          11,
          "\"downloading\""
        ],
        [
          28,
          ","
        ],
        [
          11,
          "\"saved\""
        ],
        [
          28,
          ","
        ],
        [
          11,
          "\"failed\""
        ],
        [
          28,
          ","
        ],
        [
          11,
          "\"target-conflict\""
        ],
        [
          24,
          "]"
        ],
        [
          22,
          ")"
        ],
        [
          28,
          ","
        ],
        [
          80,
          "taskIds"
        ],
        [
          59,
          ":"
        ],
        [
          80,
          "z"
        ],
        [
          25,
          "."
        ],
        [
          80,
          "array"
        ],
        [
          21,
          "("
        ],
        [
          80,
          "z"
        ],
        [
          25,
          "."
        ],
        [
          80,
          "string"
        ],
        [
          21,
          "("
        ],
        [
          22,
          ")"
        ],
        [
          22,
          ")"
        ],
        [
          28,
          ","
        ],
        [
          80,
          "taskObservations"
        ],
        [
          59,
          ":"
        ],
        [
          80,
          "z"
        ],
        [
          25,
          "."
        ],
        [
          80,
          "custom"
        ],
        [
          30,
          "<"
        ],
        [
          80,
          "AudioTaskObservation"
        ],
        [
          23,
          "["
        ],
        [
          24,
          "]"
        ],
        [
          32,
          ">"
        ],
        [
          21,
          "("
        ],
        [
          22,
          ")"
        ],
        [
          25,
          "."
        ],
        [
          80,
          "optional"
        ],
        [
          21,
          "("
        ],
        [
          22,
          ")"
        ],
        [
          28,
          ","
        ],
        [
          80,
          "results"
        ],
        [
          59,
          ":"
        ],
        [
          80,
          "z"
        ],
        [
          25,
          "."
        ],
        [
          80,
          "array"
        ],
        [
          21,
          "("
        ],
        [
          80,
          "z"
        ],
        [
          25,
          "."
        ],
        [
          80,
          "object"
        ],
        [
          21,
          "("
        ],
        [
          19,
          "{"
        ],
        [
          80,
          "key"
        ],
        [
          59,
          ":"
        ],
        [
          80,
          "id"
        ],
        [
          28,
          ","
        ],
        [
          80,
          "provenance"
        ],
        [
          28,
          ","
        ],
        [
          80,
          "title"
        ],
        [
          59,
          ":"
        ],
        [
          80,
          "z"
        ],
        [
          25,
          "."
        ],
        [
          80,
          "string"
        ],
        [
          21,
          "("
        ],
        [
          22,
          ")"
        ],
        [
          28,
          ","
        ],
        [
          80,
          "lyrics"
        ],
        [
          59,
          ":"
        ],
        [
          80,
          "z"
        ],
        [
          25,
          "."
        ],
        [
          80,
          "string"
        ],
        [
          21,
          "("
        ],
        [
          22,
          ")"
        ],
        [
          25,
          "."
        ],
        [
          80,
          "optional"
        ],
        [
          21,
          "("
        ],
        [
          22,
          ")"
        ],
        [
          28,
          ","
        ],
        [
          80,
          "finalTextPreview"
        ],
        [
          59,
          ":"
        ],
        [
          80,
          "z"
        ],
        [
          25,
          "."
        ],
        [
          80,
          "string"
        ],
        [
          21,
          "("
        ],
        [
          22,
          ")"
        ],
        [
          25,
          "."
        ],
        [
          80,
          "optional"
        ],
        [
          21,
          "("
        ],
        [
          22,
          ")"
        ],
        [
          28,
          ","
        ],
        [
          80,
          "durationSec"
        ],
        [
          59,
          ":"
        ],
        [
          80,
          "number"
        ],
        [
          25,
          "."
        ],
        [
          80,
          "optional"
        ],
        [
          21,
          "("
        ],
        [
          22,
          ")"
        ],
        [
          28,
          ","
        ],
        [
          80,
          "mediaId"
        ],
        [
          59,
          ":"
        ],
        [
          80,
          "id"
        ],
        [
          25,
          "."
        ],
        [
          80,
          "optional"
        ],
        [
          21,
          "("
        ],
        [
          22,
          ")"
        ],
        [
          28,
          ","
        ],
        [
          80,
          "takeId"
        ],
        [
          59,
          ":"
        ],
        [
          80,
          "id"
        ],
        [
          25,
          "."
        ],
        [
          80,
          "optional"
        ],
        [
          21,
          "("
        ],
        [
          22,
          ")"
        ],
        [
          28,
          ","
        ],
        [
          80,
          "workId"
        ],
        [
          59,
          ":"
        ],
        [
          80,
          "id"
        ],
        [
          25,
          "."
        ],
        [
          80,
          "optional"
        ],
        [
          21,
          "("
        ],
        [
          22,
          ")"
        ],
        [
          28,
          ","
        ],
        [
          80,
          "deleted"
        ],
        [
          59,
          ":"
        ],
        [
          80,
          "z"
        ],
        [
          25,
          "."
        ],
        [
          80,
          "boolean"
        ],
        [
          21,
          "("
        ],
        [
          22,
          ")"
        ],
        [
          25,
          "."
        ],
        [
          80,
          "optional"
        ],
        [
          21,
          "("
        ],
        [
          22,
          ")"
        ],
        [
          28,
          ","
        ],
        [
          80,
          "error"
        ],
        [
          59,
          ":"
        ],
        [
          80,
          "z"
        ],
        [
          25,
          "."
        ],
        [
          80,
          "string"
        ],
        [
          21,
          "("
        ],
        [
          22,
          ")"
        ],
        [
          25,
          "."
        ],
        [
          80,
          "optional"
        ],
        [
          21,
          "("
        ],
        [
          22,
          ")"
        ],
        [
          20,
          "}"
        ],
        [
          22,
          ")"
        ],
        [
          22,
          ")"
        ],
        [
          28,
          ","
        ],
        [
          80,
          "error"
        ],
        [
          59,
          ":"
        ],
        [
          80,
          "z"
        ],
        [
          25,
          "."
        ],
        [
          80,
          "string"
        ],
        [
          21,
          "("
        ],
        [
          22,
          ")"
        ],
        [
          25,
          "."
        ],
        [
          80,
          "optional"
        ],
        [
          21,
          "("
        ],
        [
          22,
          ")"
        ],
        [
          28,
          ","
        ],
        [
          80,
          "dormant"
        ],
        [
          59,
          ":"
        ],
        [
          80,
          "z"
        ],
        [
          25,
          "."
        ],
        [
          80,
          "literal"
        ],
        [
          21,
          "("
        ],
        [
          112,
          "true"
        ],
        [
          22,
          ")"
        ],
        [
          20,
          "}"
        ],
        [
          22,
          ")"
        ],
        [
          28,
          ","
        ],
        [
          20,
          "}"
        ],
        [
          27,
          ";"
        ],
        [
          156,
          "type"
        ],
        [
          80,
          "TableName"
        ],
        [
          64,
          "="
        ],
        [
          143,
          "keyof"
        ],
        [
          114,
          "typeof"
        ],
        [
          80,
          "schemas"
        ],
        [
          27,
          ";"
        ],
        [
          87,
          "const"
        ],
        [
          80,
          "schema"
        ],
        [
          64,
          "="
        ],
        [
          80,
          "z"
        ],
        [
          25,
          "."
        ],
        [
          80,
          "object"
        ],
        [
          21,
          "("
        ],
        [
          19,
          "{"
        ],
        [
          80,
          "version"
        ],
        [
          59,
          ":"
        ],
        [
          80,
          "z"
        ],
        [
          25,
          "."
        ],
        [
          80,
          "literal"
        ],
        [
          21,
          "("
        ],
        [
          9,
          "1"
        ],
        [
          22,
          ")"
        ],
        [
          28,
          ","
        ],
        [
          80,
          "audioChapters"
        ],
        [
          59,
          ":"
        ],
        [
          80,
          "z"
        ],
        [
          25,
          "."
        ],
        [
          80,
          "array"
        ],
        [
          21,
          "("
        ],
        [
          80,
          "schemas"
        ],
        [
          25,
          "."
        ],
        [
          80,
          "audioChapters"
        ],
        [
          22,
          ")"
        ],
        [
          28,
          ","
        ],
        [
          80,
          "audioSpeakers"
        ],
        [
          59,
          ":"
        ],
        [
          80,
          "z"
        ],
        [
          25,
          "."
        ],
        [
          80,
          "array"
        ],
        [
          21,
          "("
        ],
        [
          80,
          "schemas"
        ],
        [
          25,
          "."
        ],
        [
          80,
          "audioSpeakers"
        ],
        [
          22,
          ")"
        ],
        [
          28,
          ","
        ],
        [
          80,
          "audioSegments"
        ],
        [
          59,
          ":"
        ],
        [
          80,
          "z"
        ],
        [
          25,
          "."
        ],
        [
          80,
          "array"
        ],
        [
          21,
          "("
        ],
        [
          80,
          "schemas"
        ],
        [
          25,
          "."
        ],
        [
          80,
          "audioSegments"
        ],
        [
          22,
          ")"
        ],
        [
          28,
          ","
        ],
        [
          80,
          "audioTakes"
        ],
        [
          59,
          ":"
        ],
        [
          80,
          "z"
        ],
        [
          25,
          "."
        ],
        [
          80,
          "array"
        ],
        [
          21,
          "("
        ],
        [
          80,
          "schemas"
        ],
        [
          25,
          "."
        ],
        [
          80,
          "audioTakes"
        ],
        [
          22,
          ")"
        ],
        [
          28,
          ","
        ],
        [
          80,
          "audioTracks"
        ],
        [
          59,
          ":"
        ],
        [
          80,
          "z"
        ],
        [
          25,
          "."
        ],
        [
          80,
          "array"
        ],
        [
          21,
          "("
        ],
        [
          80,
          "schemas"
        ],
        [
          25,
          "."
        ],
        [
          80,
          "audioTracks"
        ],
        [
          22,
          ")"
        ],
        [
          28,
          ","
        ],
        [
          80,
          "audioClips"
        ],
        [
          59,
          ":"
        ],
        [
          80,
          "z"
        ],
        [
          25,
          "."
        ],
        [
          80,
          "array"
        ],
        [
          21,
          "("
        ],
        [
          80,
          "schemas"
        ],
        [
          25,
          "."
        ],
        [
          80,
          "audioClips"
        ],
        [
          22,
          ")"
        ],
        [
          28,
          ","
        ],
        [
          80,
          "audioExports"
        ],
        [
          59,
          ":"
        ],
        [
          80,
          "z"
        ],
        [
          25,
          "."
        ],
        [
          80,
          "array"
        ],
        [
          21,
          "("
        ],
        [
          80,
          "schemas"
        ],
        [
          25,
          "."
        ],
        [
          80,
          "audioExports"
        ],
        [
          22,
          ")"
        ],
        [
          28,
          ","
        ],
        [
          80,
          "musicDrafts"
        ],
        [
          59,
          ":"
        ],
        [
          80,
          "z"
        ],
        [
          25,
          "."
        ],
        [
          80,
          "array"
        ],
        [
          21,
          "("
        ],
        [
          80,
          "schemas"
        ],
        [
          25,
          "."
        ],
        [
          80,
          "musicDrafts"
        ],
        [
          22,
          ")"
        ],
        [
          28,
          ","
        ],
        [
          80,
          "musicWorks"
        ],
        [
          59,
          ":"
        ],
        [
          80,
          "z"
        ],
        [
          25,
          "."
        ],
        [
          80,
          "array"
        ],
        [
          21,
          "("
        ],
        [
          80,
          "schemas"
        ],
        [
          25,
          "."
        ],
        [
          80,
          "musicWorks"
        ],
        [
          22,
          ")"
        ],
        [
          28,
          ","
        ],
        [
          80,
          "audioGenerationJobs"
        ],
        [
          59,
          ":"
        ],
        [
          80,
          "z"
        ],
        [
          25,
          "."
        ],
        [
          80,
          "array"
        ],
        [
          21,
          "("
        ],
        [
          80,
          "schemas"
        ],
        [
          25,
          "."
        ],
        [
          80,
          "audioGenerationJobs"
        ],
        [
          22,
          ")"
        ],
        [
          28,
          ","
        ],
        [
          20,
          "}"
        ],
        [
          22,
          ")"
        ],
        [
          27,
          ";"
        ],
        [
          95,
          "export"
        ],
        [
          156,
          "type"
        ],
        [
          80,
          "AudioPackage"
        ],
        [
          64,
          "="
        ],
        [
          80,
          "z"
        ],
        [
          25,
          "."
        ],
        [
          80,
          "infer"
        ],
        [
          30,
          "<"
        ],
        [
          114,
          "typeof"
        ],
        [
          80,
          "schema"
        ],
        [
          32,
          ">"
        ],
        [
          27,
          ";"
        ],
        [
          87,
          "const"
        ],
        [
          80,
          "fingerprintPackageSchema"
        ],
        [
          64,
          "="
        ],
        [
          80,
          "schema"
        ],
        [
          25,
          "."
        ],
        [
          80,
          "extend"
        ],
        [
          21,
          "("
        ],
        [
          19,
          "{"
        ],
        [
          80,
          "audioTakes"
        ],
        [
          59,
          ":"
        ],
        [
          80,
          "z"
        ],
        [
          25,
          "."
        ],
        [
          80,
          "array"
        ],
        [
          21,
          "("
        ],
        [
          80,
          "schemas"
        ],
        [
          25,
          "."
        ],
        [
          80,
          "audioTakes"
        ],
        [
          25,
          "."
        ],
        [
          80,
          "passthrough"
        ],
        [
          21,
          "("
        ],
        [
          22,
          ")"
        ],
        [
          25,
          "."
        ],
        [
          80,
          "extend"
        ],
        [
          21,
          "("
        ],
        [
          19,
          "{"
        ],
        [
          80,
          "provenance"
        ],
        [
          59,
          ":"
        ],
        [
          80,
          "provenance"
        ],
        [
          25,
          "."
        ],
        [
          80,
          "passthrough"
        ],
        [
          21,
          "("
        ],
        [
          22,
          ")"
        ],
        [
          25,
          "."
        ],
        [
          80,
          "optional"
        ],
        [
          21,
          "("
        ],
        [
          22,
          ")"
        ],
        [
          20,
          "}"
        ],
        [
          22,
          ")"
        ],
        [
          22,
          ")"
        ],
        [
          20,
          "}"
        ],
        [
          22,
          ")"
        ],
        [
          27,
          ";"
        ],
        [
          95,
          "export"
        ],
        [
          100,
          "function"
        ],
        [
          80,
          "parseAudioPackageData"
        ],
        [
          21,
          "("
        ],
        [
          80,
          "raw"
        ],
        [
          59,
          ":"
        ],
        [
          159,
          "unknown"
        ],
        [
          22,
          ")"
        ],
        [
          59,
          ":"
        ],
        [
          80,
          "AudioPackage"
        ],
        [
          19,
          "{"
        ],
        [
          87,
          "const"
        ],
        [
          80,
          "original"
        ],
        [
          64,
          "="
        ],
        [
          80,
          "fingerprintPackageSchema"
        ],
        [
          25,
          "."
        ],
        [
          80,
          "parse"
        ],
        [
          21,
          "("
        ],
        [
          80,
          "raw"
        ],
        [
          22,
          ")"
        ],
        [
          27,
          ";"
        ],
        [
          87,
          "const"
        ],
        [
          80,
          "snapshot"
        ],
        [
          64,
          "="
        ],
        [
          19,
          "{"
        ],
        [
          80,
          "chapters"
        ],
        [
          59,
          ":"
        ],
        [
          80,
          "original"
        ],
        [
          25,
          "."
        ],
        [
          80,
          "audioChapters"
        ],
        [
          28,
          ","
        ],
        [
          80,
          "tracks"
        ],
        [
          59,
          ":"
        ],
        [
          80,
          "original"
        ],
        [
          25,
          "."
        ],
        [
          80,
          "audioTracks"
        ],
        [
          28,
          ","
        ],
        [
          80,
          "takes"
        ],
        [
          59,
          ":"
        ],
        [
          80,
          "original"
        ],
        [
          25,
          "."
        ],
        [
          80,
          "audioTakes"
        ],
        [
          28,
          ","
        ],
        [
          80,
          "clips"
        ],
        [
          59,
          ":"
        ],
        [
          80,
          "original"
        ],
        [
          25,
          "."
        ],
        [
          80,
          "audioClips"
        ],
        [
          20,
          "}"
        ],
        [
          27,
          ";"
        ],
        [
          107,
          "return"
        ],
        [
          80,
          "schema"
        ],
        [
          25,
          "."
        ],
        [
          80,
          "parse"
        ],
        [
          21,
          "("
        ],
        [
          19,
          "{"
        ],
        [
          26,
          "..."
        ],
        [
          80,
          "original"
        ],
        [
          28,
          ","
        ],
        [
          80,
          "audioExports"
        ],
        [
          59,
          ":"
        ],
        [
          80,
          "original"
        ],
        [
          25,
          "."
        ],
        [
          80,
          "audioExports"
        ],
        [
          25,
          "."
        ],
        [
          80,
          "map"
        ],
        [
          21,
          "("
        ],
        [
          80,
          "row"
        ],
        [
          39,
          "=>"
        ],
        [
          21,
          "("
        ],
        [
          19,
          "{"
        ],
        [
          26,
          "..."
        ],
        [
          80,
          "row"
        ],
        [
          28,
          ","
        ],
        [
          80,
          "fingerprint"
        ],
        [
          59,
          ":"
        ],
        [
          80,
          "preserveAudioExportFreshness"
        ],
        [
          21,
          "("
        ],
        [
          80,
          "row"
        ],
        [
          28,
          ","
        ],
        [
          80,
          "snapshot"
        ],
        [
          22,
          ")"
        ],
        [
          20,
          "}"
        ],
        [
          22,
          ")"
        ],
        [
          22,
          ")"
        ],
        [
          20,
          "}"
        ],
        [
          22,
          ")"
        ],
        [
          27,
          ";"
        ],
        [
          20,
          "}"
        ],
        [
          95,
          "export"
        ],
        [
          100,
          "function"
        ],
        [
          80,
          "parseAudioPackage"
        ],
        [
          21,
          "("
        ],
        [
          80,
          "raw"
        ],
        [
          59,
          ":"
        ],
        [
          159,
          "unknown"
        ],
        [
          28,
          ","
        ],
        [
          80,
          "projectId"
        ],
        [
          59,
          ":"
        ],
        [
          159,
          "unknown"
        ],
        [
          28,
          ","
        ],
        [
          80,
          "kind"
        ],
        [
          59,
          ":"
        ],
        [
          80,
          "ProjectKind"
        ],
        [
          22,
          ")"
        ],
        [
          59,
          ":"
        ],
        [
          80,
          "AudioPackage"
        ],
        [
          52,
          "|"
        ],
        [
          157,
          "undefined"
        ],
        [
          19,
          "{"
        ],
        [
          101,
          "if"
        ],
        [
          21,
          "("
        ],
        [
          80,
          "raw"
        ],
        [
          37,
          "==="
        ],
        [
          80,
          "undefined"
        ],
        [
          22,
          ")"
        ],
        [
          19,
          "{"
        ],
        [
          101,
          "if"
        ],
        [
          21,
          "("
        ],
        [
          80,
          "kind"
        ],
        [
          38,
          "!=="
        ],
        [
          11,
          "\"video\""
        ],
        [
          22,
          ")"
        ],
        [
          111,
          "throw"
        ],
        [
          105,
          "new"
        ],
        [
          80,
          "Error"
        ],
        [
          21,
          "("
        ],
        [
          11,
          "\"缺少音频或音乐项目数据\""
        ],
        [
          22,
          ")"
        ],
        [
          27,
          ";"
        ],
        [
          107,
          "return"
        ],
        [
          80,
          "undefined"
        ],
        [
          27,
          ";"
        ],
        [
          20,
          "}"
        ],
        [
          87,
          "const"
        ],
        [
          80,
          "value"
        ],
        [
          64,
          "="
        ],
        [
          80,
          "parseAudioPackageData"
        ],
        [
          21,
          "("
        ],
        [
          80,
          "raw"
        ],
        [
          22,
          ")"
        ],
        [
          27,
          ";"
        ],
        [
          99,
          "for"
        ],
        [
          21,
          "("
        ],
        [
          87,
          "const"
        ],
        [
          80,
          "job"
        ],
        [
          165,
          "of"
        ],
        [
          80,
          "value"
        ],
        [
          25,
          "."
        ],
        [
          80,
          "audioGenerationJobs"
        ],
        [
          22,
          ")"
        ],
        [
          80,
          "validateAudioTaskObservations"
        ],
        [
          21,
          "("
        ],
        [
          80,
          "job"
        ],
        [
          25,
          "."
        ],
        [
          80,
          "taskObservations"
        ],
        [
          28,
          ","
        ],
        [
          80,
          "job"
        ],
        [
          25,
          "."
        ],
        [
          80,
          "taskIds"
        ],
        [
          22,
          ")"
        ],
        [
          27,
          ";"
        ],
        [
          87,
          "const"
        ],
        [
          80,
          "seen"
        ],
        [
          64,
          "="
        ],
        [
          105,
          "new"
        ],
        [
          80,
          "Set"
        ],
        [
          30,
          "<"
        ],
        [
          154,
          "string"
        ],
        [
          32,
          ">"
        ],
        [
          21,
          "("
        ],
        [
          22,
          ")"
        ],
        [
          27,
          ";"
        ],
        [
          99,
          "for"
        ],
        [
          21,
          "("
        ],
        [
          87,
          "const"
        ],
        [
          80,
          "name"
        ],
        [
          165,
          "of"
        ],
        [
          80,
          "Object"
        ],
        [
          25,
          "."
        ],
        [
          80,
          "keys"
        ],
        [
          21,
          "("
        ],
        [
          80,
          "schemas"
        ],
        [
          22,
          ")"
        ],
        [
          130,
          "as"
        ],
        [
          80,
          "TableName"
        ],
        [
          23,
          "["
        ],
        [
          24,
          "]"
        ],
        [
          22,
          ")"
        ],
        [
          99,
          "for"
        ],
        [
          21,
          "("
        ],
        [
          87,
          "const"
        ],
        [
          80,
          "row"
        ],
        [
          165,
          "of"
        ],
        [
          80,
          "value"
        ],
        [
          23,
          "["
        ],
        [
          80,
          "name"
        ],
        [
          24,
          "]"
        ],
        [
          22,
          ")"
        ],
        [
          19,
          "{"
        ],
        [
          101,
          "if"
        ],
        [
          21,
          "("
        ],
        [
          80,
          "row"
        ],
        [
          25,
          "."
        ],
        [
          80,
          "projectId"
        ],
        [
          38,
          "!=="
        ],
        [
          80,
          "projectId"
        ],
        [
          57,
          "||"
        ],
        [
          80,
          "seen"
        ],
        [
          25,
          "."
        ],
        [
          80,
          "has"
        ],
        [
          21,
          "("
        ],
        [
          80,
          "row"
        ],
        [
          25,
          "."
        ],
        [
          80,
          "id"
        ],
        [
          22,
          ")"
        ],
        [
          22,
          ")"
        ],
        [
          111,
          "throw"
        ],
        [
          105,
          "new"
        ],
        [
          80,
          "Error"
        ],
        [
          21,
          "("
        ],
        [
          11,
          "\"音频项目记录重复或所有者不匹配\""
        ],
        [
          22,
          ")"
        ],
        [
          27,
          ";"
        ],
        [
          80,
          "seen"
        ],
        [
          25,
          "."
        ],
        [
          80,
          "add"
        ],
        [
          21,
          "("
        ],
        [
          80,
          "row"
        ],
        [
          25,
          "."
        ],
        [
          80,
          "id"
        ],
        [
          22,
          ")"
        ],
        [
          27,
          ";"
        ],
        [
          101,
          "if"
        ],
        [
          21,
          "("
        ],
        [
          80,
          "kind"
        ],
        [
          37,
          "==="
        ],
        [
          11,
          "\"video\""
        ],
        [
          57,
          "||"
        ],
        [
          21,
          "("
        ],
        [
          80,
          "kind"
        ],
        [
          37,
          "==="
        ],
        [
          11,
          "\"music\""
        ],
        [
          56,
          "&&"
        ],
        [
          80,
          "name"
        ],
        [
          25,
          "."
        ],
        [
          80,
          "startsWith"
        ],
        [
          21,
          "("
        ],
        [
          11,
          "\"audio\""
        ],
        [
          22,
          ")"
        ],
        [
          56,
          "&&"
        ],
        [
          80,
          "name"
        ],
        [
          38,
          "!=="
        ],
        [
          11,
          "\"audioGenerationJobs\""
        ],
        [
          22,
          ")"
        ],
        [
          57,
          "||"
        ],
        [
          21,
          "("
        ],
        [
          80,
          "kind"
        ],
        [
          37,
          "==="
        ],
        [
          11,
          "\"audio\""
        ],
        [
          56,
          "&&"
        ],
        [
          80,
          "name"
        ],
        [
          25,
          "."
        ],
        [
          80,
          "startsWith"
        ],
        [
          21,
          "("
        ],
        [
          11,
          "\"music\""
        ],
        [
          22,
          ")"
        ],
        [
          22,
          ")"
        ],
        [
          22,
          ")"
        ],
        [
          111,
          "throw"
        ],
        [
          105,
          "new"
        ],
        [
          80,
          "Error"
        ],
        [
          21,
          "("
        ],
        [
          11,
          "\"项目包包含其他类型的数据\""
        ],
        [
          22,
          ")"
        ],
        [
          27,
          ";"
        ],
        [
          20,
          "}"
        ],
        [
          101,
          "if"
        ],
        [
          21,
          "("
        ],
        [
          80,
          "kind"
        ],
        [
          37,
          "==="
        ],
        [
          11,
          "\"audio\""
        ],
        [
          56,
          "&&"
        ],
        [
          54,
          "!"
        ],
        [
          80,
          "value"
        ],
        [
          25,
          "."
        ],
        [
          80,
          "audioChapters"
        ],
        [
          25,
          "."
        ],
        [
          80,
          "length"
        ],
        [
          22,
          ")"
        ],
        [
          111,
          "throw"
        ],
        [
          105,
          "new"
        ],
        [
          80,
          "Error"
        ],
        [
          21,
          "("
        ],
        [
          11,
          "\"音频项目至少需要一个章节\""
        ],
        [
          22,
          ")"
        ],
        [
          27,
          ";"
        ],
        [
          107,
          "return"
        ],
        [
          80,
          "value"
        ],
        [
          27,
          ";"
        ],
        [
          20,
          "}"
        ],
        [
          95,
          "export"
        ],
        [
          100,
          "function"
        ],
        [
          80,
          "remapAudioPackage"
        ],
        [
          21,
          "("
        ],
        [
          80,
          "value"
        ],
        [
          59,
          ":"
        ],
        [
          80,
          "AudioPackage"
        ],
        [
          52,
          "|"
        ],
        [
          157,
          "undefined"
        ],
        [
          28,
          ","
        ],
        [
          80,
          "projectId"
        ],
        [
          59,
          ":"
        ],
        [
          154,
          "string"
        ],
        [
          28,
          ","
        ],
        [
          80,
          "mediaMap"
        ],
        [
          59,
          ":"
        ],
        [
          80,
          "Map"
        ],
        [
          30,
          "<"
        ],
        [
          154,
          "string"
        ],
        [
          28,
          ","
        ],
        [
          154,
          "string"
        ],
        [
          32,
          ">"
        ],
        [
          22,
          ")"
        ],
        [
          59,
          ":"
        ],
        [
          80,
          "AudioPackage"
        ],
        [
          52,
          "|"
        ],
        [
          157,
          "undefined"
        ],
        [
          19,
          "{"
        ],
        [
          101,
          "if"
        ],
        [
          21,
          "("
        ],
        [
          54,
          "!"
        ],
        [
          80,
          "value"
        ],
        [
          22,
          ")"
        ],
        [
          107,
          "return"
        ],
        [
          80,
          "undefined"
        ],
        [
          27,
          ";"
        ],
        [
          87,
          "const"
        ],
        [
          80,
          "map"
        ],
        [
          64,
          "="
        ],
        [
          105,
          "new"
        ],
        [
          80,
          "Map"
        ],
        [
          30,
          "<"
        ],
        [
          154,
          "string"
        ],
        [
          28,
          ","
        ],
        [
          154,
          "string"
        ],
        [
          32,
          ">"
        ],
        [
          21,
          "("
        ],
        [
          22,
          ")"
        ],
        [
          27,
          ";"
        ],
        [
          99,
          "for"
        ],
        [
          21,
          "("
        ],
        [
          87,
          "const"
        ],
        [
          80,
          "name"
        ],
        [
          165,
          "of"
        ],
        [
          80,
          "Object"
        ],
        [
          25,
          "."
        ],
        [
          80,
          "keys"
        ],
        [
          21,
          "("
        ],
        [
          80,
          "schemas"
        ],
        [
          22,
          ")"
        ],
        [
          130,
          "as"
        ],
        [
          80,
          "TableName"
        ],
        [
          23,
          "["
        ],
        [
          24,
          "]"
        ],
        [
          22,
          ")"
        ],
        [
          99,
          "for"
        ],
        [
          21,
          "("
        ],
        [
          87,
          "const"
        ],
        [
          80,
          "row"
        ],
        [
          165,
          "of"
        ],
        [
          80,
          "value"
        ],
        [
          23,
          "["
        ],
        [
          80,
          "name"
        ],
        [
          24,
          "]"
        ],
        [
          22,
          ")"
        ],
        [
          80,
          "map"
        ],
        [
          25,
          "."
        ],
        [
          80,
          "set"
        ],
        [
          21,
          "("
        ],
        [
          80,
          "row"
        ],
        [
          25,
          "."
        ],
        [
          80,
          "id"
        ],
        [
          28,
          ","
        ],
        [
          80,
          "createId"
        ],
        [
          21,
          "("
        ],
        [
          11,
          "\"aud\""
        ],
        [
          22,
          ")"
        ],
        [
          22,
          ")"
        ],
        [
          27,
          ";"
        ],
        [
          87,
          "const"
        ],
        [
          80,
          "reference"
        ],
        [
          64,
          "="
        ],
        [
          21,
          "("
        ],
        [
          80,
          "id"
        ],
        [
          59,
          ":"
        ],
        [
          154,
          "string"
        ],
        [
          22,
          ")"
        ],
        [
          39,
          "=>"
        ],
        [
          19,
          "{"
        ],
        [
          87,
          "const"
        ],
        [
          80,
          "next"
        ],
        [
          64,
          "="
        ],
        [
          80,
          "map"
        ],
        [
          25,
          "."
        ],
        [
          80,
          "get"
        ],
        [
          21,
          "("
        ],
        [
          80,
          "id"
        ],
        [
          22,
          ")"
        ],
        [
          27,
          ";"
        ],
        [
          101,
          "if"
        ],
        [
          21,
          "("
        ],
        [
          54,
          "!"
        ],
        [
          80,
          "next"
        ],
        [
          22,
          ")"
        ],
        [
          111,
          "throw"
        ],
        [
          105,
          "new"
        ],
        [
          80,
          "Error"
        ],
        [
          21,
          "("
        ],
        [
          11,
          "\"音频项目引用的记录缺失\""
        ],
        [
          22,
          ")"
        ],
        [
          27,
          ";"
        ],
        [
          107,
          "return"
        ],
        [
          80,
          "next"
        ],
        [
          27,
          ";"
        ],
        [
          20,
          "}"
        ],
        [
          27,
          ";"
        ],
        [
          87,
          "const"
        ],
        [
          80,
          "media"
        ],
        [
          64,
          "="
        ],
        [
          21,
          "("
        ],
        [
          80,
          "id"
        ],
        [
          59,
          ":"
        ],
        [
          154,
          "string"
        ],
        [
          22,
          ")"
        ],
        [
          39,
          "=>"
        ],
        [
          19,
          "{"
        ],
        [
          87,
          "const"
        ],
        [
          80,
          "next"
        ],
        [
          64,
          "="
        ],
        [
          80,
          "mediaMap"
        ],
        [
          25,
          "."
        ],
        [
          80,
          "get"
        ],
        [
          21,
          "("
        ],
        [
          80,
          "id"
        ],
        [
          22,
          ")"
        ],
        [
          27,
          ";"
        ],
        [
          101,
          "if"
        ],
        [
          21,
          "("
        ],
        [
          54,
          "!"
        ],
        [
          80,
          "next"
        ],
        [
          22,
          ")"
        ],
        [
          111,
          "throw"
        ],
        [
          105,
          "new"
        ],
        [
          80,
          "Error"
        ],
        [
          21,
          "("
        ],
        [
          11,
          "\"音频项目引用的文件缺失\""
        ],
        [
          22,
          ")"
        ],
        [
          27,
          ";"
        ],
        [
          107,
          "return"
        ],
        [
          80,
          "next"
        ],
        [
          27,
          ";"
        ],
        [
          20,
          "}"
        ],
        [
          27,
          ";"
        ],
        [
          87,
          "const"
        ],
        [
          80,
          "fingerprintInput"
        ],
        [
          64,
          "="
        ],
        [
          19,
          "{"
        ],
        [
          80,
          "chapters"
        ],
        [
          59,
          ":"
        ],
        [
          80,
          "value"
        ],
        [
          25,
          "."
        ],
        [
          80,
          "audioChapters"
        ],
        [
          28,
          ","
        ],
        [
          80,
          "tracks"
        ],
        [
          59,
          ":"
        ],
        [
          80,
          "value"
        ],
        [
          25,
          "."
        ],
        [
          80,
          "audioTracks"
        ],
        [
          28,
          ","
        ],
        [
          80,
          "takes"
        ],
        [
          59,
          ":"
        ],
        [
          80,
          "value"
        ],
        [
          25,
          "."
        ],
        [
          80,
          "audioTakes"
        ],
        [
          28,
          ","
        ],
        [
          80,
          "clips"
        ],
        [
          59,
          ":"
        ],
        [
          80,
          "value"
        ],
        [
          25,
          "."
        ],
        [
          80,
          "audioClips"
        ],
        [
          20,
          "}"
        ],
        [
          27,
          ";"
        ],
        [
          87,
          "const"
        ],
        [
          80,
          "next"
        ],
        [
          64,
          "="
        ],
        [
          80,
          "structuredClone"
        ],
        [
          21,
          "("
        ],
        [
          80,
          "value"
        ],
        [
          22,
          ")"
        ],
        [
          27,
          ";"
        ],
        [
          80,
          "next"
        ],
        [
          25,
          "."
        ],
        [
          80,
          "audioExports"
        ],
        [
          64,
          "="
        ],
        [
          80,
          "next"
        ],
        [
          25,
          "."
        ],
        [
          80,
          "audioExports"
        ],
        [
          25,
          "."
        ],
        [
          80,
          "map"
        ],
        [
          21,
          "("
        ],
        [
          21,
          "("
        ],
        [
          80,
          "row"
        ],
        [
          22,
          ")"
        ],
        [
          39,
          "=>"
        ],
        [
          21,
          "("
        ],
        [
          19,
          "{"
        ],
        [
          26,
          "..."
        ],
        [
          80,
          "row"
        ],
        [
          28,
          ","
        ],
        [
          80,
          "fingerprint"
        ],
        [
          59,
          ":"
        ],
        [
          80,
          "remapAudioExportFingerprint"
        ],
        [
          21,
          "("
        ],
        [
          80,
          "row"
        ],
        [
          28,
          ","
        ],
        [
          80,
          "fingerprintInput"
        ],
        [
          28,
          ","
        ],
        [
          19,
          "{"
        ],
        [
          80,
          "records"
        ],
        [
          59,
          ":"
        ],
        [
          80,
          "map"
        ],
        [
          28,
          ","
        ],
        [
          80,
          "media"
        ],
        [
          59,
          ":"
        ],
        [
          80,
          "mediaMap"
        ],
        [
          28,
          ","
        ],
        [
          80,
          "projectId"
        ],
        [
          20,
          "}"
        ],
        [
          22,
          ")"
        ],
        [
          20,
          "}"
        ],
        [
          22,
          ")"
        ],
        [
          22,
          ")"
        ],
        [
          27,
          ";"
        ],
        [
          99,
          "for"
        ],
        [
          21,
          "("
        ],
        [
          87,
          "const"
        ],
        [
          80,
          "name"
        ],
        [
          165,
          "of"
        ],
        [
          80,
          "Object"
        ],
        [
          25,
          "."
        ],
        [
          80,
          "keys"
        ],
        [
          21,
          "("
        ],
        [
          80,
          "schemas"
        ],
        [
          22,
          ")"
        ],
        [
          130,
          "as"
        ],
        [
          80,
          "TableName"
        ],
        [
          23,
          "["
        ],
        [
          24,
          "]"
        ],
        [
          22,
          ")"
        ],
        [
          99,
          "for"
        ],
        [
          21,
          "("
        ],
        [
          87,
          "const"
        ],
        [
          80,
          "row"
        ],
        [
          165,
          "of"
        ],
        [
          80,
          "next"
        ],
        [
          23,
          "["
        ],
        [
          80,
          "name"
        ],
        [
          24,
          "]"
        ],
        [
          22,
          ")"
        ],
        [
          19,
          "{"
        ],
        [
          80,
          "row"
        ],
        [
          25,
          "."
        ],
        [
          80,
          "id"
        ],
        [
          64,
          "="
        ],
        [
          80,
          "reference"
        ],
        [
          21,
          "("
        ],
        [
          80,
          "row"
        ],
        [
          25,
          "."
        ],
        [
          80,
          "id"
        ],
        [
          22,
          ")"
        ],
        [
          27,
          ";"
        ],
        [
          80,
          "row"
        ],
        [
          25,
          "."
        ],
        [
          80,
          "projectId"
        ],
        [
          64,
          "="
        ],
        [
          80,
          "projectId"
        ],
        [
          27,
          ";"
        ],
        [
          101,
          "if"
        ],
        [
          21,
          "("
        ],
        [
          11,
          "\"chapterId\""
        ],
        [
          103,
          "in"
        ],
        [
          80,
          "row"
        ],
        [
          56,
          "&&"
        ],
        [
          80,
          "row"
        ],
        [
          25,
          "."
        ],
        [
          80,
          "chapterId"
        ],
        [
          22,
          ")"
        ],
        [
          80,
          "row"
        ],
        [
          25,
          "."
        ],
        [
          80,
          "chapterId"
        ],
        [
          64,
          "="
        ],
        [
          80,
          "reference"
        ],
        [
          21,
          "("
        ],
        [
          80,
          "row"
        ],
        [
          25,
          "."
        ],
        [
          80,
          "chapterId"
        ],
        [
          22,
          ")"
        ],
        [
          27,
          ";"
        ],
        [
          101,
          "if"
        ],
        [
          21,
          "("
        ],
        [
          11,
          "\"speakerId\""
        ],
        [
          103,
          "in"
        ],
        [
          80,
          "row"
        ],
        [
          56,
          "&&"
        ],
        [
          80,
          "row"
        ],
        [
          25,
          "."
        ],
        [
          80,
          "speakerId"
        ],
        [
          22,
          ")"
        ],
        [
          80,
          "row"
        ],
        [
          25,
          "."
        ],
        [
          80,
          "speakerId"
        ],
        [
          64,
          "="
        ],
        [
          80,
          "reference"
        ],
        [
          21,
          "("
        ],
        [
          80,
          "row"
        ],
        [
          25,
          "."
        ],
        [
          80,
          "speakerId"
        ],
        [
          22,
          ")"
        ],
        [
          27,
          ";"
        ],
        [
          101,
          "if"
        ],
        [
          21,
          "("
        ],
        [
          11,
          "\"segmentId\""
        ],
        [
          103,
          "in"
        ],
        [
          80,
          "row"
        ],
        [
          56,
          "&&"
        ],
        [
          80,
          "row"
        ],
        [
          25,
          "."
        ],
        [
          80,
          "segmentId"
        ],
        [
          22,
          ")"
        ],
        [
          80,
          "row"
        ],
        [
          25,
          "."
        ],
        [
          80,
          "segmentId"
        ],
        [
          64,
          "="
        ],
        [
          80,
          "reference"
        ],
        [
          21,
          "("
        ],
        [
          80,
          "row"
        ],
        [
          25,
          "."
        ],
        [
          80,
          "segmentId"
        ],
        [
          22,
          ")"
        ],
        [
          27,
          ";"
        ],
        [
          101,
          "if"
        ],
        [
          21,
          "("
        ],
        [
          11,
          "\"selectedTakeId\""
        ],
        [
          103,
          "in"
        ],
        [
          80,
          "row"
        ],
        [
          56,
          "&&"
        ],
        [
          80,
          "row"
        ],
        [
          25,
          "."
        ],
        [
          80,
          "selectedTakeId"
        ],
        [
          22,
          ")"
        ],
        [
          80,
          "row"
        ],
        [
          25,
          "."
        ],
        [
          80,
          "selectedTakeId"
        ],
        [
          64,
          "="
        ],
        [
          80,
          "reference"
        ],
        [
          21,
          "("
        ],
        [
          80,
          "row"
        ],
        [
          25,
          "."
        ],
        [
          80,
          "selectedTakeId"
        ],
        [
          22,
          ")"
        ],
        [
          27,
          ";"
        ],
        [
          101,
          "if"
        ],
        [
          21,
          "("
        ],
        [
          11,
          "\"trackId\""
        ],
        [
          103,
          "in"
        ],
        [
          80,
          "row"
        ],
        [
          22,
          ")"
        ],
        [
          80,
          "row"
        ],
        [
          25,
          "."
        ],
        [
          80,
          "trackId"
        ],
        [
          64,
          "="
        ],
        [
          80,
          "reference"
        ],
        [
          21,
          "("
        ],
        [
          80,
          "row"
        ],
        [
          25,
          "."
        ],
        [
          80,
          "trackId"
        ],
        [
          22,
          ")"
        ],
        [
          27,
          ";"
        ],
        [
          101,
          "if"
        ],
        [
          21,
          "("
        ],
        [
          11,
          "\"takeId\""
        ],
        [
          103,
          "in"
        ],
        [
          80,
          "row"
        ],
        [
          22,
          ")"
        ],
        [
          80,
          "row"
        ],
        [
          25,
          "."
        ],
        [
          80,
          "takeId"
        ],
        [
          64,
          "="
        ],
        [
          80,
          "reference"
        ],
        [
          21,
          "("
        ],
        [
          80,
          "row"
        ],
        [
          25,
          "."
        ],
        [
          80,
          "takeId"
        ],
        [
          22,
          ")"
        ],
        [
          27,
          ";"
        ],
        [
          101,
          "if"
        ],
        [
          21,
          "("
        ],
        [
          11,
          "\"mediaId\""
        ],
        [
          103,
          "in"
        ],
        [
          80,
          "row"
        ],
        [
          22,
          ")"
        ],
        [
          80,
          "row"
        ],
        [
          25,
          "."
        ],
        [
          80,
          "mediaId"
        ],
        [
          64,
          "="
        ],
        [
          80,
          "media"
        ],
        [
          21,
          "("
        ],
        [
          80,
          "row"
        ],
        [
          25,
          "."
        ],
        [
          80,
          "mediaId"
        ],
        [
          22,
          ")"
        ],
        [
          27,
          ";"
        ],
        [
          101,
          "if"
        ],
        [
          21,
          "("
        ],
        [
          11,
          "\"mimo\""
        ],
        [
          103,
          "in"
        ],
        [
          80,
          "row"
        ],
        [
          56,
          "&&"
        ],
        [
          80,
          "row"
        ],
        [
          25,
          "."
        ],
        [
          80,
          "mimo"
        ],
        [
          29,
          "?."
        ],
        [
          80,
          "referenceMediaId"
        ],
        [
          22,
          ")"
        ],
        [
          80,
          "row"
        ],
        [
          25,
          "."
        ],
        [
          80,
          "mimo"
        ],
        [
          25,
          "."
        ],
        [
          80,
          "referenceMediaId"
        ],
        [
          64,
          "="
        ],
        [
          80,
          "media"
        ],
        [
          21,
          "("
        ],
        [
          80,
          "row"
        ],
        [
          25,
          "."
        ],
        [
          80,
          "mimo"
        ],
        [
          25,
          "."
        ],
        [
          80,
          "referenceMediaId"
        ],
        [
          22,
          ")"
        ],
        [
          27,
          ";"
        ],
        [
          101,
          "if"
        ],
        [
          21,
          "("
        ],
        [
          11,
          "\"provenance\""
        ],
        [
          103,
          "in"
        ],
        [
          80,
          "row"
        ],
        [
          56,
          "&&"
        ],
        [
          80,
          "row"
        ],
        [
          25,
          "."
        ],
        [
          80,
          "provenance"
        ],
        [
          29,
          "?."
        ],
        [
          80,
          "jobId"
        ],
        [
          22,
          ")"
        ],
        [
          80,
          "row"
        ],
        [
          25,
          "."
        ],
        [
          80,
          "provenance"
        ],
        [
          25,
          "."
        ],
        [
          80,
          "jobId"
        ],
        [
          64,
          "="
        ],
        [
          80,
          "map"
        ],
        [
          25,
          "."
        ],
        [
          80,
          "get"
        ],
        [
          21,
          "("
        ],
        [
          80,
          "row"
        ],
        [
          25,
          "."
        ],
        [
          80,
          "provenance"
        ],
        [
          25,
          "."
        ],
        [
          80,
          "jobId"
        ],
        [
          22,
          ")"
        ],
        [
          27,
          ";"
        ],
        [
          20,
          "}"
        ],
        [
          99,
          "for"
        ],
        [
          21,
          "("
        ],
        [
          87,
          "const"
        ],
        [
          80,
          "job"
        ],
        [
          165,
          "of"
        ],
        [
          80,
          "next"
        ],
        [
          25,
          "."
        ],
        [
          80,
          "audioGenerationJobs"
        ],
        [
          22,
          ")"
        ],
        [
          19,
          "{"
        ],
        [
          80,
          "job"
        ],
        [
          25,
          "."
        ],
        [
          80,
          "intentId"
        ],
        [
          64,
          "="
        ],
        [
          80,
          "createId"
        ],
        [
          21,
          "("
        ],
        [
          11,
          "\"imported\""
        ],
        [
          22,
          ")"
        ],
        [
          27,
          ";"
        ],
        [
          80,
          "job"
        ],
        [
          25,
          "."
        ],
        [
          80,
          "connector"
        ],
        [
          64,
          "="
        ],
        [
          19,
          "{"
        ],
        [
          80,
          "id"
        ],
        [
          59,
          ":"
        ],
        [
          11,
          "\"imported\""
        ],
        [
          28,
          ","
        ],
        [
          80,
          "provider"
        ],
        [
          59,
          ":"
        ],
        [
          80,
          "job"
        ],
        [
          25,
          "."
        ],
        [
          80,
          "connector"
        ],
        [
          25,
          "."
        ],
        [
          80,
          "provider"
        ],
        [
          28,
          ","
        ],
        [
          80,
          "baseUrl"
        ],
        [
          59,
          ":"
        ],
        [
          11,
          "\"\""
        ],
        [
          20,
          "}"
        ],
        [
          27,
          ";"
        ],
        [
          80,
          "job"
        ],
        [
          25,
          "."
        ],
        [
          80,
          "source"
        ],
        [
          64,
          "="
        ],
        [
          19,
          "{"
        ],
        [
          80,
          "kind"
        ],
        [
          59,
          ":"
        ],
        [
          11,
          "\"manual\""
        ],
        [
          20,
          "}"
        ],
        [
          27,
          ";"
        ],
        [
          80,
          "job"
        ],
        [
          25,
          "."
        ],
        [
          80,
          "dormant"
        ],
        [
          64,
          "="
        ],
        [
          112,
          "true"
        ],
        [
          27,
          ";"
        ],
        [
          101,
          "if"
        ],
        [
          21,
          "("
        ],
        [
          80,
          "job"
        ],
        [
          25,
          "."
        ],
        [
          80,
          "input"
        ],
        [
          25,
          "."
        ],
        [
          80,
          "kind"
        ],
        [
          37,
          "==="
        ],
        [
          11,
          "\"speech\""
        ],
        [
          56,
          "&&"
        ],
        [
          80,
          "job"
        ],
        [
          25,
          "."
        ],
        [
          80,
          "input"
        ],
        [
          25,
          "."
        ],
        [
          80,
          "mimo"
        ],
        [
          29,
          "?."
        ],
        [
          80,
          "referenceMediaId"
        ],
        [
          22,
          ")"
        ],
        [
          80,
          "job"
        ],
        [
          25,
          "."
        ],
        [
          80,
          "input"
        ],
        [
          25,
          "."
        ],
        [
          80,
          "mimo"
        ],
        [
          25,
          "."
        ],
        [
          80,
          "referenceMediaId"
        ],
        [
          64,
          "="
        ],
        [
          80,
          "media"
        ],
        [
          21,
          "("
        ],
        [
          80,
          "job"
        ],
        [
          25,
          "."
        ],
        [
          80,
          "input"
        ],
        [
          25,
          "."
        ],
        [
          80,
          "mimo"
        ],
        [
          25,
          "."
        ],
        [
          80,
          "referenceMediaId"
        ],
        [
          22,
          ")"
        ],
        [
          27,
          ";"
        ],
        [
          101,
          "if"
        ],
        [
          21,
          "("
        ],
        [
          80,
          "job"
        ],
        [
          25,
          "."
        ],
        [
          80,
          "input"
        ],
        [
          25,
          "."
        ],
        [
          80,
          "kind"
        ],
        [
          37,
          "==="
        ],
        [
          11,
          "\"speech\""
        ],
        [
          56,
          "&&"
        ],
        [
          80,
          "job"
        ],
        [
          25,
          "."
        ],
        [
          80,
          "input"
        ],
        [
          25,
          "."
        ],
        [
          80,
          "segmentId"
        ],
        [
          22,
          ")"
        ],
        [
          80,
          "job"
        ],
        [
          25,
          "."
        ],
        [
          80,
          "input"
        ],
        [
          25,
          "."
        ],
        [
          80,
          "segmentId"
        ],
        [
          64,
          "="
        ],
        [
          80,
          "map"
        ],
        [
          25,
          "."
        ],
        [
          80,
          "get"
        ],
        [
          21,
          "("
        ],
        [
          80,
          "job"
        ],
        [
          25,
          "."
        ],
        [
          80,
          "input"
        ],
        [
          25,
          "."
        ],
        [
          80,
          "segmentId"
        ],
        [
          22,
          ")"
        ],
        [
          27,
          ";"
        ],
        [
          101,
          "if"
        ],
        [
          21,
          "("
        ],
        [
          80,
          "job"
        ],
        [
          25,
          "."
        ],
        [
          80,
          "input"
        ],
        [
          25,
          "."
        ],
        [
          80,
          "kind"
        ],
        [
          37,
          "==="
        ],
        [
          11,
          "\"music\""
        ],
        [
          56,
          "&&"
        ],
        [
          80,
          "job"
        ],
        [
          25,
          "."
        ],
        [
          80,
          "input"
        ],
        [
          25,
          "."
        ],
        [
          80,
          "draftId"
        ],
        [
          22,
          ")"
        ],
        [
          80,
          "job"
        ],
        [
          25,
          "."
        ],
        [
          80,
          "input"
        ],
        [
          25,
          "."
        ],
        [
          80,
          "draftId"
        ],
        [
          64,
          "="
        ],
        [
          80,
          "map"
        ],
        [
          25,
          "."
        ],
        [
          80,
          "get"
        ],
        [
          21,
          "("
        ],
        [
          80,
          "job"
        ],
        [
          25,
          "."
        ],
        [
          80,
          "input"
        ],
        [
          25,
          "."
        ],
        [
          80,
          "draftId"
        ],
        [
          22,
          ")"
        ],
        [
          27,
          ";"
        ],
        [
          99,
          "for"
        ],
        [
          21,
          "("
        ],
        [
          87,
          "const"
        ],
        [
          80,
          "result"
        ],
        [
          165,
          "of"
        ],
        [
          80,
          "job"
        ],
        [
          25,
          "."
        ],
        [
          80,
          "results"
        ],
        [
          22,
          ")"
        ],
        [
          19,
          "{"
        ],
        [
          101,
          "if"
        ],
        [
          21,
          "("
        ],
        [
          80,
          "result"
        ],
        [
          25,
          "."
        ],
        [
          80,
          "mediaId"
        ],
        [
          22,
          ")"
        ],
        [
          80,
          "result"
        ],
        [
          25,
          "."
        ],
        [
          80,
          "mediaId"
        ],
        [
          64,
          "="
        ],
        [
          80,
          "media"
        ],
        [
          21,
          "("
        ],
        [
          80,
          "result"
        ],
        [
          25,
          "."
        ],
        [
          80,
          "mediaId"
        ],
        [
          22,
          ")"
        ],
        [
          27,
          ";"
        ],
        [
          101,
          "if"
        ],
        [
          21,
          "("
        ],
        [
          80,
          "result"
        ],
        [
          25,
          "."
        ],
        [
          80,
          "takeId"
        ],
        [
          22,
          ")"
        ],
        [
          80,
          "result"
        ],
        [
          25,
          "."
        ],
        [
          80,
          "takeId"
        ],
        [
          64,
          "="
        ],
        [
          80,
          "map"
        ],
        [
          25,
          "."
        ],
        [
          80,
          "get"
        ],
        [
          21,
          "("
        ],
        [
          80,
          "result"
        ],
        [
          25,
          "."
        ],
        [
          80,
          "takeId"
        ],
        [
          22,
          ")"
        ],
        [
          27,
          ";"
        ],
        [
          101,
          "if"
        ],
        [
          21,
          "("
        ],
        [
          80,
          "result"
        ],
        [
          25,
          "."
        ],
        [
          80,
          "workId"
        ],
        [
          22,
          ")"
        ],
        [
          80,
          "result"
        ],
        [
          25,
          "."
        ],
        [
          80,
          "workId"
        ],
        [
          64,
          "="
        ],
        [
          80,
          "map"
        ],
        [
          25,
          "."
        ],
        [
          80,
          "get"
        ],
        [
          21,
          "("
        ],
        [
          80,
          "result"
        ],
        [
          25,
          "."
        ],
        [
          80,
          "workId"
        ],
        [
          22,
          ")"
        ],
        [
          27,
          ";"
        ],
        [
          101,
          "if"
        ],
        [
          21,
          "("
        ],
        [
          80,
          "result"
        ],
        [
          25,
          "."
        ],
        [
          80,
          "provenance"
        ],
        [
          25,
          "."
        ],
        [
          80,
          "jobId"
        ],
        [
          22,
          ")"
        ],
        [
          80,
          "result"
        ],
        [
          25,
          "."
        ],
        [
          80,
          "provenance"
        ],
        [
          25,
          "."
        ],
        [
          80,
          "jobId"
        ],
        [
          64,
          "="
        ],
        [
          80,
          "map"
        ],
        [
          25,
          "."
        ],
        [
          80,
          "get"
        ],
        [
          21,
          "("
        ],
        [
          80,
          "result"
        ],
        [
          25,
          "."
        ],
        [
          80,
          "provenance"
        ],
        [
          25,
          "."
        ],
        [
          80,
          "jobId"
        ],
        [
          22,
          ")"
        ],
        [
          27,
          ";"
        ],
        [
          20,
          "}"
        ],
        [
          20,
          "}"
        ],
        [
          107,
          "return"
        ],
        [
          80,
          "next"
        ],
        [
          27,
          ";"
        ],
        [
          20,
          "}"
        ],
        [
          1,
          ""
        ]
      ]
    },
    {
      "path": "src/lib/packages/packageError.ts",
      "typescript": "5.9.3",
      "scriptKind": "TS",
      "beforeParseDiagnostics": 0,
      "afterParseDiagnostics": 0,
      "beforeTokenCount": 27,
      "afterTokenCount": 27,
      "beforeTokenSha256": "6f9c799cba569f29aef5a15f97249757fecd36b9d114cf35e2a07ce0c94260fb",
      "afterTokenSha256": "6f9c799cba569f29aef5a15f97249757fecd36b9d114cf35e2a07ce0c94260fb",
      "exactTerminalKindAndTextEqual": true,
      "terminalSequence": [
        [
          95,
          "export"
        ],
        [
          86,
          "class"
        ],
        [
          80,
          "PackageError"
        ],
        [
          96,
          "extends"
        ],
        [
          80,
          "Error"
        ],
        [
          19,
          "{"
        ],
        [
          137,
          "constructor"
        ],
        [
          21,
          "("
        ],
        [
          80,
          "message"
        ],
        [
          59,
          ":"
        ],
        [
          154,
          "string"
        ],
        [
          22,
          ")"
        ],
        [
          19,
          "{"
        ],
        [
          108,
          "super"
        ],
        [
          21,
          "("
        ],
        [
          80,
          "message"
        ],
        [
          22,
          ")"
        ],
        [
          27,
          ";"
        ],
        [
          110,
          "this"
        ],
        [
          25,
          "."
        ],
        [
          80,
          "name"
        ],
        [
          64,
          "="
        ],
        [
          11,
          "\"PackageError\""
        ],
        [
          27,
          ";"
        ],
        [
          20,
          "}"
        ],
        [
          20,
          "}"
        ],
        [
          1,
          ""
        ]
      ]
    }
  ]
}
